{
	"hvac": {
		"induced density of duration": [424.3735817,223.5629802],
		"induced density of sac": [383107.1481,161627.2632],
		"numberOfCyclesStats": {
			"numberOfCycles": [0,1,2,3,4,5,6,7,8,9,10,11,12,13,14,15],
			"numberOfCyclesDuration": [0,1109.657534,548.8785047,266.9263158,258.8351648,305.8315789,422.4262295,437.65625,448.8053691,460.1549296,532.7480916,401.4347826,373.1346154,422.0166667,391.3650794,410.1061947],
			"numberOfCyclesEnergy": [0,679121.7952,288189.0067,153678.1565,226983.0231,309809.654,435491.4615,464448.8475,482655.8728,472661.6884,567423.9553,414515.7591,394549.7892,437629.1491,396443.072,406113.1394],
			"numberOfCyclesProb": [0.1422149571,0.1789946874,0.04372701267,0.03882304863,0.03718839395,0.03882304863,0.04985696772,0.05230894973,0.0608908868,0.05803024111,0.05353494074,0.05639558643,0.04250102166,0.04903964038,0.05149162239,0.04617899469]
		},
		"means": [
			[0],
			[2469],
			[2319.5]
		],
		"startprob": [
			[0.7107220301],
			[0.1054395861],
			[0.1838383838]
		],
		"transprob": [
			[0.9544957274,0.05491791149,0.1447665358],
			[0.008157298434,0.8752916188,0.03981796646],
			[0.03734697415,0.06979046972,0.8154154978]
		],
		"numberOfStates": 3
	},
	"light": {
		"induced density of duration": [716.1815189,411.639753],
		"induced density of sac": [52238.95483,40987.22856],
		"numberOfCyclesStats": {
			"numberOfCycles": [0,1,2,3,4,5,6,7,8,9,10,11,12,13,14,15],
			"numberOfCyclesDuration": [0,1377.231588,611.761194,394.8636364,301.1851852,360.8571429,496.5,477.75,594.6666667,874,743,455,1323.2,1000.666667,1218,1230.222222],
			"numberOfCyclesEnergy": [0,82890.33749,29658.53304,16536.36292,13866.49559,14581.65442,27712.26464,28544.62116,35711.36087,62182.02935,56585.0284,26912.91309,131310.5225,85832.93551,101831.4132,121666.8052],
			"numberOfCyclesProb": [0.01969365427,0.822027717,0.04886943837,0.03209336251,0.01969365427,0.01531728665,0.00875273523,0.00583515682,0.004376367615,0.00291757841,0.004376367615,0.001458789205,0.003646973012,0.002188183807,0.002188183807,0.006564551422]
		},
		"means": [
			[314],
			[0],
			[128]
		],
		"startprob": [
			[0.06709885274],
			[0.6234755618],
			[0.3094255854]
		],
		"transprob": [
			[0.8920227043,0.0010410226,0.02127869301],
			[0.01006145407,0.9853767871,0.02733288181],
			[0.09791584166,0.01358219031,0.9513884252]
		],
		"numberOfStates": 3
	},
	"wm": {
		"induced density of duration": [183.2049958,133.6341913],
		"induced density of sac": [5942.258864,4022.780849],
		"numberOfCyclesStats": {
			"numberOfCycles": [0,1,2,3,4,5,6,7,8,9,10,11,12,13,14,15],
			"numberOfCyclesDuration": [0,556.962406,133.6830601,132.8571429,147.3521127,176.137931,169.2,109.5789474,149.5,220.875,124.5,89.4,261.5,118.4,125.3333333,416],
			"numberOfCyclesEnergy": [0,7894.653579,7628.992602,8167.10572,11247.89676,11894.93287,12754.32303,9722.88926,5373.389917,3853.466718,1637.928249,3197.749034,3289.524943,1412.478686,2689.474833,4311.335625],
			"numberOfCyclesProb": [0.3874538745,0.3271832718,0.1125461255,0.04735547355,0.04366543665,0.01783517835,0.0184501845,0.01168511685,0.007380073801,0.009840098401,0.0024600246,0.006150061501,0.0024600246,0.00307503075,0.00184501845,0.0006150061501]
		},
		"means": [
			[0],
			[1058.5],
			[378.5]
		],
		"startprob": [
			[0.9910438103],
			[0.0007716948165],
			[0.00818449492]
		],
		"transprob": [
			[0.9977637412,0.1181434599,0.2597248342],
			[0.0001054376398,0.753164557,0.01049193309],
			[0.002130821139,0.1286919831,0.7297832327]
		],
		"numberOfStates": 3
	},
	"fridge": {
		"induced density of duration": [1089.304318,235.1036536],
		"induced density of sac": [52540.38108,10754.78717],
		"numberOfCyclesStats": {
			"numberOfCycles": [5,6,7,8,9,10,11,12,13,14,15],
			"numberOfCyclesDuration": [1401.333333,1400,1333,1368.666667,956.4444444,1048.714286,806.7142857,886.1428571,936.7272727,953.3043478,891.3],
			"numberOfCyclesEnergy": [65613.00452,67177.88186,62916.56181,66593.50105,46358.46162,50241.34851,38926.44916,43785.34962,45692.99764,47519.7373,43118.89877],
			"numberOfCyclesProb": [0.03550295858,0.05325443787,0.02366863905,0.03550295858,0.05325443787,0.08284023669,0.1656804734,0.1656804734,0.1301775148,0.1360946746,0.1183431953]
		},
		"means": [
			[0],
			[215],
			[114]
		],
		"startprob": [
			[0.4537521609],
			[0.04181793179],
			[0.5044299073]
		],
		"transprob": [
			[0.9335637309,0.01547370569,0.05851852911],
			[0.0007339587394,0.8660881028,0.01041941595],
			[0.06570231038,0.1184381915,0.9310620549]
		],
		"numberOfStates": 3
	},
	"dw": {
		"induced density of duration": [187.8830863,125.1462921],
		"induced density of sac": [17216.35395,9635.501226],
		"numberOfCyclesStats": {
			"numberOfCycles": [0,1,2,3,4,5,6],
			"numberOfCyclesDuration": [0,389.6619718,151.9097222,167.8666667,221.2432432,279.1666667,105.3333333],
			"numberOfCyclesEnergy": [0,20973.20313,21513.22595,18573.06231,23353.87727,27724.63854,8376.470459],
			"numberOfCyclesProb": [0.5715917746,0.2703731912,0.1096725057,0.02856054836,0.01408987053,0.004569687738,0.001142421935]
		},
		"means": [
			[0],
			[978],
			[62]
		],
		"startprob": [
			[0.9388333545],
			[0.00631611238],
			[0.05485053313]
		],
		"transprob": [
			[0.9988559211,0.01484525707,0.01791128363],
			[0.0002132454777,0.8713411054,0.01116196435],
			[0.0009308334344,0.1138136375,0.970926752]
		],
		"numberOfStates": 3
	},
	"dr": {
		"induced density of duration": [132.026699,63.44337983],
		"induced density of sac": [91333.29455,35727.09343],
		"numberOfCyclesStats": {
			"numberOfCycles": [0,1,2,3,4,5,6,7,8,9,10,11,12,13,14,15],
			"numberOfCyclesDuration": [0,30.78217822,55.21538462,87.19148936,93.67816092,110,144.9705882,146.6923077,139.375,164.7234043,174.9142857,190.5454545,188.5625,205.7037037,208.8,171.2727273],
			"numberOfCyclesEnergy": [0,38414.94026,66790.849,90883.62305,88384.17142,84793.14777,101027.5987,94279.03336,92400.15271,96627.37711,116239.7276,102658.4538,122455.8611,142269.5464,144054.2536,80053.97694],
			"numberOfCyclesProb": [0.5772383354,0.1273644388,0.08196721311,0.04445145019,0.02742749054,0.02553593947,0.02143757881,0.01639344262,0.01513240858,0.01481715006,0.01103404792,0.0104035309,0.01008827238,0.008511979823,0.00472887768,0.003467843632]
		},
		"means": [
			[0],
			[5399.5],
			[1899.5]
		],
		"startprob": [
			[0.9866620256],
			[0.004935454483],
			[0.008402519939]
		],
		"transprob": [
			[0.9982925076,0.0806944081,0.1532113384],
			[0.0006563923455,0.6712902382,0.1158439694],
			[0.001051100035,0.2480153537,0.7309446922]
		],
		"numberOfStates": 3
	}
}
