Random seed,5,6,7,8,9,10
12,41.3208712946,63.7501121364,59.972170091,65.9772481839,60.8655282829,47.2268491099
