Random seed,5,6,7,8,9,10
1,44.5638152869,60.0931965427,65.2113745113,59.3869411224,54.3717536295,35.7597379244
