Random seed,5,6,7,8,9,10
86,58.2791682873,67.9341190346,82.6275428876,89.0545990554,86.3402745235,60.0239941913
