Random seed,5,6,7,8,9,10
38,71.2381108754,90.2820869239,67.725144743,87.4425517651,92.2641189494,80.3278442348
