Random seed,5,6,7,8,9,10
95,72.3936825936,54.0490377791,80.545632733,65.9443739074,72.5913274732,61.4698726738
