Random seed,5,6,7,8,9,10
24,63.818337044,83.2348774787,82.3874885279,88.1607008845,83.7686933387,83.3852795421
