Random seed,5,6,7,8,9,10
23,76.0098290855,50.440456972,49.7739908867,52.8255234451,80.968200919,46.9440747782
