Random seed,5,6,7,8,9,10
23,51.6977664548,64.9868106353,64.4521051013,67.2483143402,58.455421596,53.2914306745
