Random seed,5,6,7,8,9,10
46,53.1705862978,41.5580078949,65.6581767133,67.1874180935,68.8375693443,57.7207017581
