Random seed,5,6,7,8,9,10
8,54.1803972399,72.60055998,82.9096778182,73.2276331291,73.8301645224,59.2729867825
