Random seed,5,6,7,8,9,10
34,55.8314262362,84.4374095926,83.7820139509,83.1804185586,91.3895538646,54.7873866894
