Random seed,5,6,7,8,9,10
78,56.6837131091,63.2534264639,89.2138196124,89.9594264413,82.4184239021,57.7218638116
