Random seed,5,6,7,8,9,10
6,53.5447979752,75.5716012616,82.629989219,73.0873319384,60.5608538686,44.8371674084
