Random seed,5,6,7,8,9,10
57,75.050240187,76.7476089784,89.3585515889,85.5553147443,88.2414536036,77.3485126334
