Random seed,5,6,7,8,9,10
35,65.7872830645,68.7394071069,77.4185080456,82.5402859992,79.5687797457,85.1906354856
