Random seed,5,6,7,8,9,10
69,72.8634361807,80.5942175746,80.8023601901,86.0918563339,84.8430296391,49.4025466684
