Random seed,5,6,7,8,9,10
14,87.156615786,77.8847520009,87.886444016,81.9943757223,80.5447895438,54.4191327189
