Random seed,5,6,7,8,9,10
56,52.9478627207,77.7984319309,86.3665350871,86.3489873316,85.8590993373,46.4557960796
