Random seed,5,6,7,8,9,10
94,61.3430067173,56.2704743156,73.4449952998,58.6228242159,60.2182958058,52.692762044
