Random seed,5,6,7,8,9,10
42,68.6834791719,63.4044766125,74.6409834917,72.3385244228,68.3020885913,55.5049149824
