Random seed,5,6,7,8,9,10
54,49.2201239825,47.5797005395,73.884089068,73.425788713,76.7154770358,60.8302117439
