Random seed,5,6,7,8,9,10
1,63.8701099501,82.386951675,75.8243560053,86.2769538112,79.3897433099,48.5394980912
