Random seed,5,6,7,8,9,10
15,58.6790123965,71.9722403282,80.5756745878,92.2831712961,86.606034575,59.2228586457
