Random seed,5,6,7,8,9,10
73,47.0477348499,60.5053051923,51.5004704309,64.3683524822,53.4089491308,45.5927751751
