Random seed,5,6,7,8,9,10
62,82.5657186791,77.774487707,87.0865018293,83.3775157634,84.3170506102,57.908635812
