Random seed,5,6,7,8,9,10
1,61.4917366355,70.9365796235,59.7059153902,73.7590169924,72.2511818325,34.4671213134
