Random seed,5,6,7,8,9,10
91,58.2927995264,71.2930118234,85.1011500716,87.4225942197,90.3130537518,52.5819261396
