Random seed,5,6,7,8,9,10
17,81.3327185599,48.9932554909,88.4109480979,85.0610745379,90.1417597904,71.9348436564
