Random seed,5,6,7,8,9,10
74,75.103856969,82.5795229965,83.0388957507,76.9374900263,73.4665222618,54.9536806552
