Random seed,5,6,7,8,9,10
33,70.3766533151,86.5565061546,81.6627672885,75.5578646405,75.5615500553,51.9281554562
