Random seed,5,6,7,8,9,10
22,51.9124950504,73.4542893379,79.4085012018,84.3341992852,79.5391788961,56.5057252162
