Random seed,5,6,7,8,9,10
46,46.7970086255,43.8875688687,56.4771083032,64.9827980976,69.9526514761,76.6317135872
