Random seed,5,6,7,8,9,10
13,33.4651753385,62.7635568507,64.8136877437,72.1026196898,54.2422866986,17.6384598127
