Random seed,5,6,7,8,9,10
36,78.1130275545,68.7057441997,76.2098507226,84.6161016634,82.3031306373,57.7692579053
