Random seed,5,6,7,8,9,10
63,71.8577261161,81.86663165,87.2188252726,86.887212135,88.5872285722,78.5992786405
