Random seed,5,6,7,8,9,10
35,73.247647891,61.4233403375,68.9569898455,72.9257576353,78.0787501276,81.9370132169
