Random seed,5,6,7,8,9,10
4,85.1657684845,80.2614269975,77.0397325462,79.1352697514,80.9783033398,68.6851132471
