Random seed,5,6,7,8,9,10
78,48.7111126007,63.7214454281,89.4431308368,87.460805243,87.8239121795,62.0105447854
