Random seed,5,6,7,8,9,10
7,91.9000881001,89.0513149925,87.291274475,74.1272923563,75.8524720336,75.4663250352
