Random seed,5,6,7,8,9,10
95,68.6542244227,59.2368519575,76.9368712464,71.5523361727,73.4396902881,74.4456521419
