Random seed,5,6,7,8,9,10
28,64.0067134124,61.6309841576,56.0356324745,74.1647868737,76.005848995,58.1243624764
