Random seed,5,6,7,8,9,10
49,75.9836145626,81.0841480922,76.3105691945,90.2999515705,87.5129435514,66.9210428284
