Random seed,5,6,7,8,9,10
50,73.0704695435,86.1538605739,81.1537097601,90.0286273831,77.0875549081,76.3010970857
