Random seed,5,6,7,8,9,10
5,57.6668492425,66.9307486031,77.9269462144,72.0617843677,77.3502227634,61.3659381137
