Random seed,5,6,7,8,9,10
75,74.6091102482,69.8838606904,79.3565465572,79.8191770007,78.2651354255,70.9145874145
