Random seed,5,6,7,8,9,10
33,76.9890103329,70.3790964415,82.645730956,79.0084665525,69.7340856243,56.8136813052
