Random seed,5,6,7,8,9,10
51,55.7127471889,55.7070116009,56.1221161532,59.7279026597,46.7553145846,38.8099307264
