Random seed,5,6,7,8,9,10
86,84.4219364661,82.447934711,82.5543805101,83.9122496819,77.4219946926,77.288521015
