Random seed,5,6,7,8,9,10
67,73.4100417201,82.6214698217,81.3392955646,81.9630571212,77.3050296092,72.312249089
