Random seed,5,6,7,8,9,10
39,73.7471601066,80.7260568432,79.9066772612,84.6898579539,85.0541754784,69.030453254
