Random seed,5,6,7,8,9,10
70,84.9081301212,86.8863284016,83.565519609,84.2475250459,86.4377387692,89.2092411499
