Random seed,5,6,7,8,9,10
67,66.6755815717,73.1773000717,74.6703459683,76.7238986941,75.8545816684,64.6007712892
