Random seed,5,6,7,8,9,10
67,58.8604396145,65.7456324589,71.9405590739,83.6327840422,82.6287790832,65.9471886674
