Random seed,5,6,7,8,9,10
55,38.7413178742,73.4654553167,74.645491754,69.5583318774,54.7278911874,34.7578359587
