Random seed,5,6,7,8,9,10
85,61.0479520522,70.446627365,68.5825926584,80.9721832596,76.8279467638,62.1435193669
