Random seed,5,6,7,8,9,10
94,62.9927037158,72.601048385,84.4334178709,78.4022521898,87.6259224906,60.9365071158
