Random seed,5,6,7,8,9,10
9,52.5098169794,61.0233655307,57.5873595164,51.6729910054,61.2077066186,43.2829413529
