Random seed,5,6,7,8,9,10
26,46.4797147009,75.7268978207,92.5500845729,89.4969592263,82.6587451767,57.4043302948
