Random seed,5,6,7,8,9,10
15,66.0393399659,82.087396526,80.1114675,88.8039975284,83.8386627528,41.4972732019
