Random seed,5,6,7,8,9,10
37,71.3755068444,81.7049551736,87.6391804236,89.9534754139,84.0756857581,56.7710279621
