Random seed,5,6,7,8,9,10
29,63.4714666968,63.6251073133,76.2870756564,71.1728963557,82.19660753,66.2612656689
