Random seed,5,6,7,8,9,10
4,97.1337450764,87.2131943694,83.1056604753,84.4941099461,85.5087247611,74.516104187
