Random seed,5,6,7,8,9,10
61,73.2811148563,62.5158820615,71.4755665757,81.8685781034,80.6520545868,65.4479889445
