Random seed,5,6,7,8,9,10
10,69.4450122507,83.4719792341,82.1704327889,77.6103000152,87.4039729064,77.5737244046
