Random seed,5,6,7,8,9,10
74,78.2540137757,81.8665005146,88.3596533038,90.2443391905,87.3306574168,86.181099351
