Random seed,5,6,7,8,9,10
89,75.1976161677,70.6668735297,88.4150994585,82.6673927624,80.5771972008,87.7124650577
