Random seed,5,6,7,8,9,10
19,70.2182412993,75.3246161861,81.7422532635,74.436974072,81.6011524585,62.883774515
