Random seed,5,6,7,8,9,10
40,76.4645015803,65.626506623,73.9455203902,71.9431631755,78.5281716557,63.905484289
