Random seed,5,6,7,8,9,10
20,60.1455471074,64.7955204656,86.8145696318,73.3330399712,73.6373372048,38.7705669115
