Random seed,5,6,7,8,9,10
11,75.612998724,80.7228312306,89.4037235169,91.1488232036,95.1618442524,72.0372578234
