Random seed,5,6,7,8,9,10
18,55.2325268953,73.5451351384,76.5273590965,74.2839179449,73.3015625696,60.9057894827
