Random seed,5,6,7,8,9,10
73,31.6187333634,36.4985433638,43.5391039722,46.3481224897,37.6576341843,32.3291814748
