Random seed,5,6,7,8,9,10
4,78.5354776079,86.8470499019,84.1632486497,90.9206912874,86.7762530134,66.507064531
