Random seed,5,6,7,8,9,10
86,68.823357831,78.5357461638,81.3820391844,90.4462387045,92.0576866265,80.0417248025
