Random seed,5,6,7,8,9,10
68,66.8289493339,60.0579455074,61.3606928934,73.2491129714,72.9366024645,74.1658879587
