Random seed,5,6,7,8,9,10
39,81.5562585786,76.6772834377,88.3920482549,77.1017787142,71.5372494009,58.6096597275
