Random seed,5,6,7,8,9,10
74,82.0066359112,80.1698373729,85.3272893576,87.3116989827,88.004620809,88.1807532994
