Random seed,5,6,7,8,9,10
11,75.4357015655,74.9748917536,76.8328141589,72.930056284,80.8782964168,57.4199290882
