Random seed,5,6,7,8,9,10
72,70.1921178691,65.9794914834,57.1985963752,62.568187742,67.1442335887,61.6088896241
