Random seed,5,6,7,8,9,10
14,89.0661898729,86.9046583824,93.3714728303,82.0559927242,88.7552671403,67.6704905535
