Random seed,5,6,7,8,9,10
85,66.1335237485,78.376241877,73.3178534728,79.9943461117,77.8632753911,60.9341404942
