Random seed,5,6,7,8,9,10
9,68.6131287416,53.3178810713,68.5761277304,62.9287530725,79.5426465728,63.7754693445
