Random seed,5,6,7,8,9,10
71,54.2269960163,30.6744993157,62.9901274061,64.1334058696,65.8099384387,52.5836415463
