Random seed,5,6,7,8,9,10
10,75.6001326155,65.8934224145,72.9491659437,87.1621642497,87.9146768104,70.8780517193
