Random seed,5,6,7,8,9,10
50,74.2915762678,87.500985331,78.9258395733,86.4963631309,79.7681210565,74.5027844307
