Random seed,5,6,7,8,9,10
61,83.6471137278,72.4097857824,76.2403048761,90.9483978804,91.6080774437,73.8078502469
