Random seed,5,6,7,8,9,10
28,44.7787993158,48.5530624201,75.5286749458,80.6835761814,71.6669671948,51.2392530146
