Random seed,5,6,7,8,9,10
65,68.5071908024,58.5952576615,88.2539137928,82.3562912652,73.4809774044,41.3853894994
