Random seed,5,6,7,8,9,10
63,79.9635852562,88.33683451,85.4986173151,76.7780745547,78.4402992845,61.617021243
