Random seed,5,6,7,8,9,10
3,44.0871093912,52.713938652,73.6030740667,68.9940414935,73.9020432904,47.4557745251
