Random seed,5,6,7,8,9,10
46,60.5137536883,40.4277340614,67.3257831441,66.135078192,68.8534533975,52.4713615643
