Random seed,5,6,7,8,9,10
47,71.5653418539,71.9607758192,88.8525487946,78.3945637507,74.9841609858,52.4412828725
