Random seed,5,6,7,8,9,10
38,65.9044886151,65.3567356837,65.5522468275,88.5794421913,91.0198233235,75.7580466338
