Random seed,5,6,7,8,9,10
70,87.1625195799,87.5772875291,86.7352500101,88.1979729165,87.2946657194,90.3825745638
