Random seed,5,6,7,8,9,10
78,51.6868346857,65.6646595297,82.3611839705,78.0521833098,89.7265293337,53.6818495873
