Random seed,5,6,7,8,9,10
62,74.4569402274,72.077733574,75.0484836008,80.0192914099,69.1364782626,30.6282131546
