Random seed,5,6,7,8,9,10
66,72.5838762461,78.8847070792,86.6412277134,84.472299284,81.0480398049,67.5668031391
