Random seed,5,6,7,8,9,10
66,77.5631837381,82.8463490195,95.9595642777,85.1321496043,82.820391521,75.1695346463
