Random seed,5,6,7,8,9,10
95,75.8732232948,66.5794872479,85.7809492045,71.1762775292,69.0588904322,62.0034833033
