Random seed,5,6,7,8,9,10
19,74.0815070877,69.8615010112,72.5159636539,69.2792299341,76.9437226619,50.1527168841
