Random seed,5,6,7,8,9,10
74,81.2702206945,90.97101849,87.2700469389,85.3407704387,85.4031623911,59.7664190789
