Random seed,5,6,7,8,9,10
88,36.8982215793,51.9916424904,54.8256797931,72.3410871778,73.3377049525,55.4737893899
