Random seed,5,6,7,8,9,10
28,50.0402080135,54.8973471808,48.7346984635,67.3425249854,74.0158229653,70.9506889044
