Random seed,5,6,7,8,9,10
77,81.3911416891,84.6162017181,82.2245731712,81.55993669,70.7497253566,63.4637893438
