Random seed,5,6,7,8,9,10
32,72.9597395634,86.3436954624,63.9989149615,85.4078425531,91.2261890871,82.9831212168
