Random seed,5,6,7,8,9,10
93,73.6549964522,54.2049453958,91.7731274284,90.5243123742,90.0697912331,80.9538509293
