Random seed,5,6,7,8,9,10
71,61.2900334863,37.2224688342,75.4953647638,61.0189955611,61.367078366,33.9879133565
