Random seed,5,6,7,8,9,10
47,69.88051848,66.3297855941,78.9349128004,81.4110689883,87.882735295,67.5709392596
