Random seed,5,6,7,8,9,10
59,71.0961648024,79.5009980261,69.5922690824,75.6869729221,67.6622171493,64.7202315416
