Random seed,5,6,7,8,9,10
60,40.7806243021,64.3708525338,84.5720967117,82.2959162641,66.451145874,22.4706779582
