Random seed,5,6,7,8,9,10
73,47.217470287,44.9765760026,40.3074534693,47.6651882272,48.3473423681,45.2051583045
