Random seed,5,6,7,8,9,10
24,45.7011448926,58.0206552208,61.7550114778,67.6863299194,63.8309675619,73.0795894386
