Random seed,5,6,7,8,9,10
65,63.2745241455,74.4750855423,88.6634820544,91.0814309588,82.3729925908,53.6872801413
