Random seed,5,6,7,8,9,10
80,65.3197421348,63.4202603983,64.5051183583,62.0670036597,59.906548348,61.038443693
