Random seed,5,6,7,8,9,10
13,32.0056081088,73.9199387727,73.6278169338,72.3373402823,70.6165763712,49.4914893489
