Random seed,5,6,7,8,9,10
69,55.3708474526,63.0802135636,73.9002124695,72.1411960937,67.7084445882,57.672586038
