Random seed,5,6,7,8,9,10
0,56.9921794999,59.1749611653,64.0157175831,74.2426574937,61.8401843261,51.9958570244
