Random seed,5,6,7,8,9,10
21,84.1057169144,92.8437061034,87.667566604,90.8020986572,89.4320067292,76.517801752
