Random seed,5,6,7,8,9,10
22,31.0009597383,77.2353521393,65.5992199741,60.6610247846,44.6844974692,25.5052050231
