Random seed,5,6,7,8,9,10
6,53.0578751227,79.3361322243,76.3795562675,75.0817841644,64.906061886,36.9516858364
