Random seed,5,6,7,8,9,10
79,40.6542450995,71.9878979303,71.787384011,70.3145994165,69.799443839,45.9590460925
