Random seed,5,6,7,8,9,10
88,48.4312478058,47.5725780142,59.1870364149,60.0673063132,61.8779712631,45.0794996226
