Random seed,5,6,7,8,9,10
50,64.5890617329,75.8359852834,81.2047558725,84.8808478447,79.5855011716,66.8613819242
