Random seed,5,6,7,8,9,10
20,87.3961782051,87.0610880503,85.991880443,94.043878867,91.2188384294,66.654685423
