Random seed,5,6,7,8,9,10
43,77.8907824043,81.4976779951,83.8146730467,84.1142446896,83.8045620299,68.038653707
