Random seed,5,6,7,8,9,10
26,41.7408699289,71.2970733578,78.6934868948,81.1420578298,82.7863425038,53.5588123275
