Random seed,5,6,7,8,9,10
72,52.199801173,51.0639279779,56.1426952213,51.6722300128,66.872994721,53.2372929774
