Random seed,5,6,7,8,9,10
15,45.5841203796,55.9926330313,77.8397359909,82.2823082573,83.0270478605,51.9043782333
