Random seed,5,6,7,8,9,10
72,55.0219312176,64.9014325605,73.1683027091,77.4813239631,70.0202706823,52.9010734386
