Random seed,5,6,7,8,9,10
67,66.5545950477,80.9099916755,76.2673493487,81.805473025,75.3678732993,65.1295208356
