Random seed,5,6,7,8,9,10
77,71.1511303285,77.5307642092,80.3518210114,84.0458720443,80.0799987767,56.4796019781
