Random seed,5,6,7,8,9,10
68,69.1639621056,72.9744913373,75.7704969396,86.9124970976,89.5936315424,83.5350234119
