Random seed,5,6,7,8,9,10
75,72.4924368556,72.3918397373,83.3544706052,73.5460449967,78.9114981666,57.6934748081
