Random seed,5,6,7,8,9,10
22,57.588808081,74.6891347749,82.1974931802,80.3771823398,81.2725364327,60.9371790648
