Random seed,5,6,7,8,9,10
26,50.9627129483,74.0424501495,86.2547588771,89.4346777672,79.4946237145,52.68211217
