Random seed,5,6,7,8,9,10
50,76.1828663596,84.9415216691,81.8668402799,85.6896492467,80.0350793977,74.9747889131
