Random seed,5,6,7,8,9,10
33,58.726306518,67.1587864808,90.0200657765,86.9097029124,77.5674804853,56.3425341587
