Random seed,5,6,7,8,9,10
32,70.2433232835,83.3490289486,66.4557976769,87.8515837678,89.4288652605,89.6756607065
