Random seed,5,6,7,8,9,10
24,66.1777929358,80.1324654342,87.3978744859,85.6474307643,87.8152146457,84.0740199552
