Random seed,5,6,7,8,9,10
78,21.3809059913,24.3933464474,66.8816097028,74.3328673056,86.0512244375,75.315399568
