Random seed,5,6,7,8,9,10
88,35.1171872898,61.3379387027,59.3477814895,76.8400856792,70.1287841543,55.3893965243
