Random seed,5,6,7,8,9,10
15,57.2732255971,76.7635417676,76.1495900569,83.2841542787,90.4432388743,56.3281219516
