Random seed,5,6,7,8,9,10
37,50.7088920542,71.0094820348,77.4821434333,69.9681785853,72.2454799854,45.2390833124
