Random seed,5,6,7,8,9,10
21,74.5121891316,86.6169548375,89.9042564937,87.6570085109,93.5067648626,76.3210356888
