Random seed,5,6,7,8,9,10
52,66.2911023352,82.7339851281,76.53884262,87.5160240911,83.2409552626,76.7965462365
