Random seed,5,6,7,8,9,10
30,85.8450633474,84.4111044328,88.9689597001,89.4683894405,87.1346918415,76.4451821114
