Random seed,5,6,7,8,9,10
38,92.3861729334,87.8833300386,81.4694509389,89.3899957408,87.5675380356,66.9282333469
