Random seed,5,6,7,8,9,10
11,75.8968498854,76.7862255882,85.1835496918,86.5204159993,90.3913201388,73.5438326136
