Random seed,5,6,7,8,9,10
88,48.2963253581,51.7257579304,63.1673073975,64.3050718996,61.1760177758,44.7585860369
