Random seed,5,6,7,8,9,10
98,75.7531195611,83.8052640053,88.1703850393,80.8021878501,84.8000436022,74.38690915
