Random seed,5,6,7,8,9,10
74,72.3801341026,80.0554081353,67.6727237164,85.2532606213,93.0572052695,53.7902470264
