Random seed,5,6,7,8,9,10
74,70.8888294665,77.7518087311,77.7128924427,72.8061628149,82.0583082815,64.4534761105
