Random seed,5,6,7,8,9,10
36,76.6218946015,83.1370213088,87.5869918791,86.7524825488,89.4428146372,78.1805318322
