Random seed,5,6,7,8,9,10
34,61.4687782876,78.8477585603,87.2386841639,90.9735143389,79.915825805,67.8924103526
