Random seed,5,6,7,8,9,10
15,68.5859895002,80.102378759,85.2460450503,86.4087400161,82.7391426692,40.3246606517
