Random seed,5,6,7,8,9,10
19,45.7466878415,74.1426377769,89.8432796941,81.5469783439,84.8194513909,73.9908584763
