Random seed,5,6,7,8,9,10
48,46.2743722834,83.1809210179,86.2217875937,91.0922321715,72.348777358,50.7462879331
