Random seed,5,6,7,8,9,10
55,66.7665543817,84.9447414601,76.7535961266,80.6396979468,76.4018151033,53.8538135437
