Random seed,5,6,7,8,9,10
46,59.3173132714,54.6275761389,67.600717317,79.9450405068,77.3862363938,64.8174960521
