Random seed,5,6,7,8,9,10
72,36.4143502289,43.0913072458,55.5502215378,53.2171491922,62.8600411185,52.4089521726
