Random seed,5,6,7,8,9,10
35,72.4094374577,66.0240153881,76.5376017155,78.1227454901,78.6942835725,81.2812253276
