Random seed,5,6,7,8,9,10
40,79.6559969602,73.9573960368,84.2455093026,84.3781379727,82.9726578149,78.3576695885
