Random seed,5,6,7,8,9,10
72,63.4609576594,56.630224546,64.5461840449,62.1365618089,73.3015933559,53.2358158701
