Random seed,5,6,7,8,9,10
65,59.8582817382,65.5021667833,75.8535250161,70.2765102886,70.5436458467,46.4672955587
