Random seed,5,6,7,8,9,10
12,29.7244028154,74.8871994298,60.1650451724,78.8683705471,77.6488654047,52.9208769139
