Random seed,5,6,7,8,9,10
77,71.2576854464,85.1914291652,92.9701400122,90.9212196467,78.9256826597,52.7285201117
