Random seed,5,6,7,8,9,10
70,85.0808574292,86.7657204545,81.5867473389,78.5234375507,85.995661728,81.4358811774
