Random seed,5,6,7,8,9,10
80,68.2589486764,62.9807740828,68.7267651656,67.1792714897,63.0161104226,68.4688475764
