Random seed,5,6,7,8,9,10
26,47.2003146877,69.1976080707,79.5080815522,83.3385244222,84.6535252157,54.0719657516
