Random seed,5,6,7,8,9,10
73,42.294517521,50.2802588855,42.7140982003,56.749646704,54.6140607902,47.0838435396
