Random seed,5,6,7,8,9,10
65,51.0040217376,72.481847919,87.4043382511,82.8048285115,77.8562538456,55.933091463
