Random seed,5,6,7,8,9,10
60,42.809611925,67.2652086831,81.8808504131,81.1736136013,57.7046310938,18.3915552715
