Random seed,5,6,7,8,9,10
13,27.1412043724,57.772263431,59.4893071967,67.5225532987,51.8186620206,18.3984254987
