Random seed,5,6,7,8,9,10
79,53.3595389509,59.38596791,59.6119638388,65.2759186414,64.9994772708,35.8328136311
