Random seed,5,6,7,8,9,10
52,69.3709883736,79.0436921254,70.8726574368,73.6050726118,66.7685989306,54.8310507609
