Random seed,5,6,7,8,9,10
43,83.1501646731,72.4656761296,69.1440159154,70.2167539901,80.1052228552,73.2804511784
