Random seed,5,6,7,8,9,10
29,65.0305823199,82.4367943646,81.3199322523,83.0950635935,86.1474978002,82.3109940375
