Random seed,5,6,7,8,9,10
34,60.7365329702,81.8292269498,89.574815761,91.5077155137,87.725879297,61.08675954
