Random seed,5,6,7,8,9,10
18,71.3242169926,84.5822636016,83.1220175898,82.3591168271,86.1552190975,72.5795425603
