Random seed,5,6,7,8,9,10
68,78.5827114713,80.7828198271,79.7032819206,87.6384024408,82.7902742726,77.1159968389
