Random seed,5,6,7,8,9,10
49,82.634650015,80.5660018965,81.1134216087,89.2192356075,84.6606179191,67.3612028232
