Random seed,5,6,7,8,9,10
70,81.1245721579,73.8972662882,74.868545503,74.0748678639,80.0877842331,66.0549658977
