Random seed,5,6,7,8,9,10
11,72.959183494,77.3487027943,89.6412381573,79.6443053304,75.5651847011,43.1592365269
