Random seed,5,6,7,8,9,10
92,61.6702996871,62.1144738587,80.1367079799,74.0026720773,72.9228627067,64.7887208823
