Random seed,5,6,7,8,9,10
36,80.725171621,76.156735449,88.5650764049,84.4280489768,92.3752950172,68.9755178328
