Random seed,5,6,7,8,9,10
34,58.5823895091,77.9804135876,92.301469768,88.1280468423,79.2250524485,43.2775628942
