Random seed,5,6,7,8,9,10
2,79.4189161999,88.0008255467,81.3830557975,90.1636992739,85.0578717084,73.7443145201
