Random seed,5,6,7,8,9,10
43,82.8918140085,79.753484614,75.7163656224,76.153511623,84.1949283163,72.7817991961
