Random seed,5,6,7,8,9,10
66,86.4946507984,87.0201399909,94.2746253645,85.2611587926,85.6832202004,80.3694595837
