Random seed,5,6,7,8,9,10
68,68.9696657545,75.5003348287,83.0399920908,88.3895326177,88.3976992599,62.2831614275
