Random seed,5,6,7,8,9,10
54,61.0283169664,69.5227451024,87.7256540494,91.6383635995,90.5018276257,69.938786964
