Random seed,5,6,7,8,9,10
82,77.4900922672,84.0860834486,81.3342033962,89.2637902623,91.1769949907,83.5261051273
