Random seed,5,6,7,8,9,10
5,57.9930510725,69.3241953851,80.4335000864,78.1610000248,80.3449325269,65.134459523
