Random seed,5,6,7,8,9,10
56,48.9084196237,79.8839147482,83.1883390934,82.4051434226,87.7293430152,38.1955734668
