Random seed,5,6,7,8,9,10
43,72.7986599344,79.1576440243,84.3342286238,87.4930975206,86.9439542159,80.4395914473
