Random seed,5,6,7,8,9,10
1,51.4678232593,71.4027757674,66.1240063106,68.4857458728,63.3546722736,36.3762087503
