Random seed,5,6,7,8,9,10
5,35.0438515822,68.0246992608,79.2930436773,89.6271848379,73.4285866908,37.6381420796
