Random seed,5,6,7,8,9,10
33,71.8522486483,60.9998005068,81.1304763184,74.496489615,76.1484171833,63.3940526111
