Random seed,5,6,7,8,9,10
88,56.9058525599,65.7075335596,61.2434128142,79.9272583331,76.2317197234,54.7200400826
