Random seed,5,6,7,8,9,10
73,45.8795614471,44.4346818428,44.2417742653,49.5575485307,41.0961752963,13.9806665187
