Random seed,5,6,7,8,9,10
6,45.9824160716,76.4271903088,80.3751103781,80.1314218524,66.4963757489,35.3462291561
