Random seed,5,6,7,8,9,10
16,38.3986527197,57.4180841515,80.113980299,75.2300128511,54.6948750964,30.798419052
