Random seed,5,6,7,8,9,10
33,83.9232746759,64.7226619908,85.758385744,77.4916218369,73.3595213787,61.6122066681
