Random seed,5,6,7,8,9,10
98,83.943403088,71.3808737096,89.8176736154,81.2175092449,82.025369806,83.752715175
