Random seed,5,6,7,8,9,10
3,54.5126529506,50.8136105151,69.1145647902,55.7957051308,51.3811247007,30.6815530406
