Random seed,5,6,7,8,9,10
43,77.8830560346,79.6580406224,78.2723927986,74.4071109189,82.3639802415,80.5559820529
