Random seed,5,6,7,8,9,10
76,72.9501276415,83.7646155509,84.2948233687,81.3195951766,84.4341617883,76.4533708543
