Random seed,5,6,7,8,9,10
72,53.5774950793,48.491874206,58.4047685545,59.8537300497,59.5535516843,59.8758115585
