Random seed,5,6,7,8,9,10
3,54.1597278004,62.6587122876,77.9523032615,80.1566450355,78.6739403884,74.5255777626
