Random seed,5,6,7,8,9,10
72,41.7658861795,55.6934496844,63.7362722195,58.89522083,62.0966476965,52.7219644839
