Random seed,5,6,7,8,9,10
2,88.1906928001,87.9390323471,85.3019700765,84.5932478105,85.9640887131,79.7539426021
