Random seed,5,6,7,8,9,10
26,45.5879727874,71.7203410579,78.4395395868,83.3439698098,87.0230170775,65.1634798929
