Random seed,5,6,7,8,9,10
54,77.3387163375,57.7257414679,80.0296169827,78.2490958425,80.9245193762,80.0051930153
