Random seed,5,6,7,8,9,10
26,54.1913800146,67.2615546616,96.965805143,93.5814675708,85.3736070861,56.4735525993
