Random seed,5,6,7,8,9,10
52,61.9874579909,71.6501178084,62.9434915778,66.4918048919,57.1149337073,42.4663597073
