Random seed,5,6,7,8,9,10
41,68.1000579808,55.9299240105,83.661804298,87.3319079123,81.4347293788,79.0042627014
