Random seed,5,6,7,8,9,10
63,61.641006029,65.3516069345,78.7640573178,77.3626212557,76.6395143286,53.4315024575
