Random seed,5,6,7,8,9,10
74,79.5722618215,89.4083597701,85.5749506793,84.6512220584,86.2586893932,63.8310214308
