Random seed,5,6,7,8,9,10
92,70.9413582805,62.1492905596,84.2887474889,77.8667144459,74.6764828113,68.1076373717
