Random seed,5,6,7,8,9,10
18,62.1588262966,94.5495692122,89.4000205532,96.273046021,90.7225329294,80.6345373426
