Random seed,5,6,7,8,9,10
71,65.419662091,37.7605788559,74.5763687832,54.2545107291,47.8650752674,29.420926883
