Random seed,5,6,7,8,9,10
94,41.4069782232,42.8947999552,56.9674293464,40.0259632663,57.6853882182,44.1763201988
