Random seed,5,6,7,8,9,10
73,49.0023991683,50.7505743808,46.3809599112,53.6646099811,45.2568148178,37.3230328349
