Random seed,5,6,7,8,9,10
29,74.9681485949,86.7862335669,91.7157325637,85.1128339789,86.9062300226,76.8980929806
