Random seed,5,6,7,8,9,10
20,51.7902947638,60.2806540602,66.1812540114,55.1621922961,61.4732112969,31.1445715132
