Random seed,5,6,7,8,9,10
5,71.2720827211,77.9915153142,88.2075602654,85.6942069328,85.7389800087,74.2312787467
