Random seed,5,6,7,8,9,10
31,31.6738396909,30.8532115578,37.9036305595,38.1714876049,37.8857030815,24.7982771263
