Random seed,5,6,7,8,9,10
86,61.4330577669,63.3368388869,72.489930699,76.9068535539,73.9390751531,78.9062125638
