Random seed,5,6,7,8,9,10
31,42.5806297728,63.7541735185,65.8666586006,55.9479069733,47.3576486308,29.8557293733
