Random seed,5,6,7,8,9,10
21,74.4611692871,80.7239216306,83.8788171832,81.5823492983,85.4175875443,63.3767012353
