Random seed,5,6,7,8,9,10
29,68.2781672019,73.5609709928,77.3557163955,68.4312777594,75.248600102,65.5053127633
