Random seed,5,6,7,8,9,10
18,53.9707531036,73.6806892826,76.3696712527,69.6439138957,65.0353252742,38.3698066874
