Random seed,5,6,7,8,9,10
42,61.8805253193,63.9635230889,77.6577512383,73.8668510945,71.4943576817,57.8008691405
