Random seed,5,6,7,8,9,10
19,80.3925999023,77.3041219246,72.9402462343,74.0488362418,86.4927093747,67.603051543
