Random seed,5,6,7,8,9,10
2,68.0783053944,68.3429105809,55.5474476875,69.0859037258,73.9795967078,66.7285334215
