Random seed,5,6,7,8,9,10
53,54.5848932762,70.1549712056,74.8741704224,72.051961406,83.3717892977,49.5538468053
