Random seed,5,6,7,8,9,10
38,60.0866082313,85.2367266877,57.1741237479,78.8926059444,83.4856991621,79.4921359477
