Random seed,5,6,7,8,9,10
53,61.0342264753,72.8740521802,83.0934229302,79.6006800779,84.5955181382,48.4611420439
