Random seed,5,6,7,8,9,10
16,57.1331561055,78.7020201053,84.9092450748,88.5351831165,70.1163489523,40.5304606314
