Random seed,5,6,7,8,9,10
77,68.5840649126,75.0195547309,80.1415818829,71.5202985225,78.0264904001,62.8121830132
