Random seed,5,6,7,8,9,10
41,58.8094314128,39.7897544756,63.2917398988,63.2480236589,61.6722863693,63.6436476594
