Random seed,5,6,7,8,9,10
90,67.9613636837,71.6091720516,81.89240945,72.8087667801,74.4244919264,57.8707438738
