Random seed,5,6,7,8,9,10
18,72.3009285719,78.5808759265,83.8588201098,78.3001687766,77.5461267997,46.2545888227
