Random seed,5,6,7,8,9,10
76,77.5344678178,77.0813161937,83.6144183856,80.2153932578,86.0333544284,72.3333765187
