Random seed,5,6,7,8,9,10
32,77.0602926346,82.3782839818,70.3891671693,81.1771558974,81.9233195188,54.0089294477
