Random seed,5,6,7,8,9,10
42,77.5162601376,76.3620380326,84.1427615491,88.0941606307,83.0770743768,74.4773224096
