Random seed,5,6,7,8,9,10
48,60.0052375321,68.5790522407,92.0577770562,93.0357298355,81.7695069453,56.9651954949
