Random seed,5,6,7,8,9,10
95,83.3478813183,68.8199967837,86.5370344222,87.6153915356,80.2278900215,84.2000869411
