Random seed,5,6,7,8,9,10
78,53.9145423456,61.4545323131,88.6317645172,81.6786218651,88.8976450522,61.9725439107
