Random seed,5,6,7,8,9,10
39,77.0154125642,93.219349003,89.9024889471,90.827168287,82.4522674625,62.0946496565
