Random seed,5,6,7,8,9,10
65,67.2201915627,78.8087146965,82.193453372,76.2718030299,82.8229350055,63.2811356963
