Random seed,5,6,7,8,9,10
29,70.5258721268,70.3394528693,75.8782769225,67.6336161255,74.5216798222,54.125035268
