Random seed,5,6,7,8,9,10
9,51.5995113339,69.7674883219,63.9762567255,50.3065905729,62.0406406653,58.5870802899
