Random seed,5,6,7,8,9,10
47,41.5057427347,53.9196526815,55.8814723078,38.1825139812,41.0163695891,35.3342158512
