Random seed,5,6,7,8,9,10
45,89.1950768139,63.4040458342,89.5949527815,83.7428039157,82.2120873286,69.6735305778
