Random seed,5,6,7,8,9,10
98,72.7953429066,60.814386029,89.4369486335,77.4343007816,76.3012031989,79.4491187816
