Random seed,5,6,7,8,9,10
30,43.3075066583,43.5602044546,70.8704029066,56.9200090401,54.5200919705,32.599245809
