Random seed,5,6,7,8,9,10
66,77.2861403263,68.3794554204,85.0119736267,90.8254033907,85.844475665,75.0225733905
