Random seed,5,6,7,8,9,10
93,75.9080089187,58.5467707241,92.5869306218,89.6125607502,93.3899234663,84.1664937034
