Random seed,5,6,7,8,9,10
64,63.630259555,52.3528359392,54.4312080335,63.2663816745,55.1458973621,58.451773361
