Random seed,5,6,7,8,9,10
46,62.0974447289,34.1495897887,57.2087510181,59.932033477,68.3808939645,48.9292050682
