Random seed,5,6,7,8,9,10
56,60.708997469,85.2491565585,85.5893795328,91.9523366184,89.8842781029,63.0148687146
