Random seed,5,6,7,8,9,10
2,84.6997952749,85.3350044863,74.501256316,83.8345502909,85.7981423029,77.8021559631
