Random seed,5,6,7,8,9,10
82,83.8607846096,80.1627517833,82.6041277178,85.8288128521,86.8061163923,97.0282478158
