Random seed,5,6,7,8,9,10
28,54.2925765158,47.8346541921,57.3493699626,64.7070807643,64.9969710101,56.1343062312
