Random seed,5,6,7,8,9,10
3,56.9123360952,55.6509823995,77.761831064,60.2912994035,48.4460722507,13.3522620837
