Random seed,5,6,7,8,9,10
94,58.9841552917,62.732765058,80.065472665,75.4074239188,77.1781092961,57.4794695267
