Random seed,5,6,7,8,9,10
41,61.1808103933,45.8337678703,69.2099310292,67.2748326961,59.1799955689,56.5722615664
