Random seed,5,6,7,8,9,10
28,65.5545054151,62.5152722719,75.5405416454,71.021227321,76.1380184346,60.0514469532
