Random seed,5,6,7,8,9,10
13,42.6939579307,76.4631319084,73.34431783,76.1870446033,67.1870714903,56.0115485735
