Random seed,5,6,7,8,9,10
36,85.4082972669,77.4301817255,92.7425597261,84.5514376807,88.3867164944,68.2885598611
