Random seed,5,6,7,8,9,10
48,41.8820030436,53.4202783576,89.9611928667,92.0988623801,87.3939113903,59.8305947496
