Random seed,5,6,7,8,9,10
23,62.7636573671,62.4329039913,62.9073726675,91.5786238519,93.9387063358,84.4778542946
