Random seed,5,6,7,8,9,10
36,73.8105620628,73.3202955814,81.1935233305,86.942019877,86.0873695513,93.4946872257
