Random seed,5,6,7,8,9,10
45,85.5341379935,64.8007900063,91.4706875736,84.8585624985,82.2682970106,65.6333431398
