Random seed,5,6,7,8,9,10
56,36.8808976954,81.1378947727,87.0236398469,84.5304470311,72.8691951151,69.6449089534
