Random seed,5,6,7,8,9,10
47,60.6575795539,65.5147403148,85.7010388052,88.8975535302,87.7750805398,72.8971899077
