Random seed,5,6,7,8,9,10
33,69.2321076677,71.6552347461,80.0057311974,65.9738719104,62.2087618686,49.6056080606
