Random seed,5,6,7,8,9,10
31,34.1355076432,35.8934607699,46.9006340184,44.6174836679,40.4249021695,29.534480455
