Random seed,5,6,7,8,9,10
80,58.8310060297,56.4292346065,56.3216449231,57.138275664,59.2586261587,50.6392136439
