Random seed,5,6,7,8,9,10
23,73.5557923928,79.7393274802,73.4877012927,90.9937728211,93.8938368827,81.1639287985
