Random seed,5,6,7,8,9,10
10,49.0026226422,80.7805959493,75.6237523467,74.3818270152,73.3962181771,59.4519158354
