Random seed,5,6,7,8,9,10
23,74.1646563948,81.5207697139,80.5769397989,87.3784122861,84.2986260935,85.4527162916
