Random seed,5,6,7,8,9,10
52,64.4504037084,68.3676214917,59.584837074,67.8220234117,65.1676891765,50.5377324162
