Random seed,5,6,7,8,9,10
20,65.0777458801,60.2960145527,62.0205997935,62.3880848343,68.164589877,45.5286354374
