Random seed,5,6,7,8,9,10
11,75.8468881606,80.8283631551,88.0109483566,85.4267048401,90.6868646433,64.4420918486
