Random seed,5,6,7,8,9,10
79,59.5382012283,71.541440984,65.8381610354,67.2183503508,65.7076149431,56.0412871662
