Random seed,5,6,7,8,9,10
26,41.9672704748,78.6195707396,76.7872748222,78.7433169134,84.3925183131,52.6831570048
