Random seed,5,6,7,8,9,10
82,53.5841292555,67.9517820368,69.4297281628,83.6167309041,83.394307714,69.5504365365
