Random seed,5,6,7,8,9,10
89,79.7003649823,78.9163962186,87.4999514725,85.4888735288,86.7640428997,83.316884967
