Random seed,5,6,7,8,9,10
55,45.6726194507,56.1604677555,50.2190353571,46.0493370067,46.95239637,47.8822116644
