Random seed,5,6,7,8,9,10
82,72.1628156901,81.3225661531,81.2194221265,88.9692932352,84.507688354,74.2509784602
