Random seed,5,6,7,8,9,10
76,74.1897239994,75.8125258325,80.1462308584,72.5202077471,68.6708084122,50.8620615381
