Random seed,5,6,7,8,9,10
98,86.7826642677,73.3160784747,89.5008019223,85.4156760409,90.8601470836,81.8550300702
