Random seed,5,6,7,8,9,10
63,78.1499874192,85.045682578,86.0086349556,86.7156205459,84.2204474292,88.2016595437
