Random seed,5,6,7,8,9,10
19,71.8179108267,71.7940451419,73.6726962625,71.1885391991,77.6356451976,58.5163255471
