Random seed,5,6,7,8,9,10
61,82.7952710063,53.6731627986,78.3923447037,77.5545477756,78.2178564448,39.0152531902
