Random seed,5,6,7,8,9,10
94,73.3851608716,85.232181567,86.5303433827,79.2183647794,74.4090397055,38.2578774692
