Random seed,5,6,7,8,9,10
7,80.8986315971,78.5658808248,88.4189896654,85.2787342426,90.9017403076,89.51345496
