Random seed,5,6,7,8,9,10
81,63.6796645811,68.2163268345,82.5231875491,79.9483174588,84.393017829,79.3315622679
