Random seed,5,6,7,8,9,10
71,64.5338527468,35.2522363374,75.023040364,57.8619813827,49.5831092185,28.9102438809
