Random seed,5,6,7,8,9,10
86,78.0574640629,80.6890085821,80.1545412992,83.3792029528,78.6785079217,81.3015210241
