Random seed,5,6,7,8,9,10
65,64.552194101,81.43331143,79.1977995934,78.1274808893,87.4160919783,60.2026231738
