Random seed,5,6,7,8,9,10
50,67.622627433,82.6171425876,76.8504307799,83.5314820467,75.8344296957,70.1488979229
