Random seed,5,6,7,8,9,10
77,73.8618252695,73.9467097451,78.8065105884,74.3538880477,70.5021378462,64.7323540628
