Random seed,5,6,7,8,9,10
26,52.4608196659,64.005993074,92.961640815,93.4268829227,80.0416343782,51.2648376328
