Random seed,5,6,7,8,9,10
71,57.2915968759,45.3020155376,78.5574750252,69.5869107975,63.2854021253,40.7505672262
