Random seed,5,6,7,8,9,10
56,83.5660421705,77.0104436161,84.718002981,84.5100210537,86.7470806621,74.1560069529
