Random seed,5,6,7,8,9,10
29,67.1577864255,83.272735798,82.3425400708,76.9422426206,81.3190908335,75.6845761074
