Random seed,5,6,7,8,9,10
17,88.5261491791,63.0141751481,89.3230649524,89.5010248122,82.1856890157,60.5550217947
