Random seed,5,6,7,8,9,10
26,47.8846494738,72.7904705994,77.1628911442,84.6953681418,83.4131932863,57.7947763837
