Random seed,5,6,7,8,9,10
49,83.029001463,78.0706839925,73.592017319,79.643425896,83.6736584466,68.7331519105
