Random seed,5,6,7,8,9,10
0,54.1990680444,60.8648753613,56.2716912596,60.167709619,50.391177767,48.6291235625
