Random seed,5,6,7,8,9,10
72,67.7692433419,73.1664724971,80.7426085791,86.14572918,77.7654728635,53.3684541739
