Random seed,5,6,7,8,9,10
75,80.8953148175,86.0634519231,85.3482278224,79.094324348,76.1077110377,74.6423930372
