Random seed,5,6,7,8,9,10
14,77.5565345406,86.5928801375,89.1044297456,81.3151262013,85.8533237974,69.0028956895
