Random seed,5,6,7,8,9,10
52,56.9934074617,62.9134269145,57.47941459,70.5185264757,66.7181212423,55.2219848187
