Random seed,5,6,7,8,9,10
18,65.4876954713,92.3054462016,93.1876412202,90.8920776693,87.7623173246,76.6862815788
