Random seed,5,6,7,8,9,10
25,47.5745724772,49.451837789,64.6526676204,52.2256156732,58.8545932003,49.649071587
