Random seed,5,6,7,8,9,10
96,73.2241398783,65.2064651987,82.8816427158,69.4301937208,69.956994011,68.3588887071
