Random seed,5,6,7,8,9,10
2,81.6195225788,77.4297936873,61.3278303177,74.3422439103,69.3425431497,77.1357658792
