Random seed,5,6,7,8,9,10
63,76.078552475,78.9265040531,93.8346370204,80.8515013602,84.6560366035,76.8689953815
