Random seed,5,6,7,8,9,10
14,87.2160864764,60.3811914238,82.810703788,76.6657683961,84.8707573576,60.8739372319
