Random seed,5,6,7,8,9,10
4,83.283974168,89.2860477257,75.742383874,84.4136277422,86.0873240831,68.2471592606
