Random seed,5,6,7,8,9,10
12,32.9646556563,65.3988750094,55.9755554435,67.1835406985,66.2568757764,34.9607250797
