Random seed,5,6,7,8,9,10
23,75.7783433557,82.1383915495,70.0436599915,90.3656965078,91.581927343,81.3883006792
