Random seed,5,6,7,8,9,10
90,66.8407281112,89.5102854941,80.8020522594,83.489368502,78.0304138111,70.4064069611
