Random seed,5,6,7,8,9,10
83,72.088291445,80.662894543,85.0315702842,81.7685406654,79.5868926073,76.829734169
