Random seed,5,6,7,8,9,10
13,37.9742716674,63.3738249728,77.6601577709,82.1503004411,74.8095242889,53.9279103188
