Random seed,5,6,7,8,9,10
46,45.8979051309,50.5504024143,44.3988145928,64.6673369101,80.7352420852,81.4703900524
