Random seed,5,6,7,8,9,10
39,76.0798996745,83.1805962097,83.413194637,86.7695389021,88.3735433244,79.1279134669
