Random seed,5,6,7,8,9,10
79,52.1932868324,76.9006715554,69.8022645219,74.3539308938,67.4921914692,48.9414387177
