Random seed,5,6,7,8,9,10
44,30.1907697169,58.9325773973,67.6970441225,65.5920732056,50.5409712264,23.5864372518
