Random seed,5,6,7,8,9,10
49,78.2478405724,85.2618489153,74.10073762,79.9739337426,85.4250404887,67.4950845237
