Random seed,5,6,7,8,9,10
14,79.9478588446,85.2389401734,96.2391202949,91.3251049438,87.8816252433,77.4468881773
