Random seed,5,6,7,8,9,10
3,51.9295548108,67.0387480318,86.2845194168,74.7100713533,74.7799194359,47.5494252323
