Random seed,5,6,7,8,9,10
22,48.5648570752,83.354824481,82.4908695898,94.5710556399,91.3071238127,55.9274365819
