Random seed,5,6,7,8,9,10
83,56.53714659,79.0369679056,76.9499825155,84.4205515879,83.1176315929,73.7127402283
