Random seed,5,6,7,8,9,10
70,85.576879072,89.1883724072,88.9773399952,88.4622136994,86.3093221113,85.1188285479
