Random seed,5,6,7,8,9,10
55,44.0403370258,59.0550436003,49.5840004749,49.0190065313,44.5657821924,41.6147270641
