Random seed,5,6,7,8,9,10
9,50.2796171157,74.5192298061,77.817830965,79.0806080176,88.6959632598,67.2525398846
