Random seed,5,6,7,8,9,10
60,40.9994112858,57.3321740431,87.7207602648,90.2928160802,70.552297988,20.1179840085
