Random seed,5,6,7,8,9,10
55,68.5825224092,86.0407274194,85.5519701868,84.3742326447,66.9439040255,42.3716397271
