Random seed,5,6,7,8,9,10
94,67.6341354322,67.1640808555,83.9159639434,76.4765503615,86.0826594654,63.6583472145
