Random seed,5,6,7,8,9,10
83,78.6040262971,80.9876865491,86.3665760524,81.0381731014,81.7091824016,72.7673339696
