Random seed,5,6,7,8,9,10
59,61.1695888021,87.2869275707,85.0450336781,92.9191946337,81.1477053135,49.1865742026
