Random seed,5,6,7,8,9,10
91,65.9617678621,66.4399887546,89.6215030121,95.1285493914,93.1346963053,48.0343539266
