Random seed,5,6,7,8,9,10
85,65.4327862401,72.7383939047,66.4029491234,78.2349898824,82.1424700534,74.5208004665
