Random seed,5,6,7,8,9,10
19,51.8292621996,72.6792680177,81.8147748276,79.6120720903,83.0004661526,70.363856916
