Random seed,5,6,7,8,9,10
24,67.028282829,76.8806257927,78.9645331423,81.404760533,89.589934024,73.8660592213
