Random seed,5,6,7,8,9,10
5,65.0422132243,82.5024529576,88.9515854641,88.2030390314,85.7162742938,72.2106830271
