Random seed,5,6,7,8,9,10
48,61.0517660945,70.8070921668,75.5731495619,78.083618947,83.9064001204,67.0355298694
