Random seed,5,6,7,8,9,10
21,88.8126729276,86.2247054619,81.5579613381,84.9347251959,84.8089151023,67.4311173425
