Random seed,5,6,7,8,9,10
91,63.9627916483,69.2506585464,71.508144199,80.033661266,72.1173074133,50.8279929737
