Random seed,5,6,7,8,9,10
98,84.077640988,74.1238457524,83.7400155692,81.6273045501,86.9383228803,82.2353174892
