Random seed,5,6,7,8,9,10
97,70.329253926,70.2050786024,76.3219778637,77.3281220419,66.3031510057,51.9365894766
