Random seed,5,6,7,8,9,10
56,60.4121242183,81.3778357519,89.8474457996,85.5591944527,86.4628080656,83.9217329789
