Random seed,5,6,7,8,9,10
77,68.4098785689,85.5896458181,85.4347340028,91.0936526314,77.5101041545,51.5226804809
