Random seed,5,6,7,8,9,10
79,80.2275503711,82.2842116421,75.6131801622,74.581741157,78.5881167623,68.9426004793
