Random seed,5,6,7,8,9,10
2,75.7436658473,86.6124633865,76.4274609633,86.2858795531,93.4301858528,78.2685140002
