Random seed,5,6,7,8,9,10
8,53.0019563353,66.6512815976,74.7583703021,75.1168805539,70.7597881678,46.3238657276
