Random seed,5,6,7,8,9,10
20,62.3880499332,84.6465707744,87.8601456829,93.5926135606,83.431408415,81.6431160188
