Random seed,5,6,7,8,9,10
33,76.5613125696,82.2675279066,74.7981778806,66.5683935672,59.5824876843,51.1121419979
