Random seed,5,6,7,8,9,10
85,45.8465031274,67.1648134822,67.286448989,72.8554530235,67.7423329818,48.6581954558
