Random seed,5,6,7,8,9,10
43,71.9358980997,71.0181568283,82.3535767957,81.8013043308,85.3823621605,79.5159706138
