Random seed,5,6,7,8,9,10
51,42.8970786018,51.1833371907,58.4161726075,70.0728252706,43.9475487347,38.9571749888
