Random seed,5,6,7,8,9,10
81,76.4235738843,46.0482019206,88.8946313801,88.1394529541,87.7308180188,63.6193143452
