Random seed,5,6,7,8,9,10
1,64.12587287,73.5288968259,65.2862295908,80.192979348,79.8609436109,55.9261163727
