Random seed,5,6,7,8,9,10
77,72.456077428,81.6699792754,83.6270381603,85.67385769,71.5438903065,47.9349243392
