Random seed,5,6,7,8,9,10
0,66.1847954685,68.1093231806,63.9486544213,67.3309243109,67.1042894061,54.6585996859
