Random seed,5,6,7,8,9,10
60,36.9241297981,56.1190322546,76.6340693632,78.4742591005,76.8457893696,25.3413593443
