Random seed,5,6,7,8,9,10
80,68.7892273292,76.3874443879,69.1752967163,69.7871275762,64.2797501779,70.0003718255
