Random seed,5,6,7,8,9,10
29,84.6971240625,87.8940282462,85.8392417713,79.5132620731,88.715774796,80.3259390781
