Random seed,5,6,7,8,9,10
90,66.9957988314,68.1450176302,79.6407065407,71.9588449549,69.8436618368,76.0500299592
