Random seed,5,6,7,8,9,10
70,83.5535180068,87.40837741,86.3647555919,83.1388412326,80.1794292412,73.604231561
