Random seed,5,6,7,8,9,10
50,63.0976062244,76.833226182,73.3081535815,78.7641355753,72.7178747916,69.822704759
