Random seed,5,6,7,8,9,10
75,87.1106150967,83.5416430162,77.6762821629,73.6454647907,71.9157973511,71.4728470268
