Random seed,5,6,7,8,9,10
15,61.2901850074,81.7795610464,78.1190556418,83.6845158806,80.9039301083,47.3308013189
