Random seed,5,6,7,8,9,10
88,57.3091414231,55.2245366941,59.2330973635,62.1229830099,60.5245870277,44.6803699012
