Random seed,5,6,7,8,9,10
97,79.6781868292,76.4588340414,71.941828008,71.5030985516,82.7626576774,69.3779774391
