Random seed,5,6,7,8,9,10
87,93.7149139431,55.7665025299,77.143682503,73.9581037025,73.6256259718,52.026167625
