Random seed,5,6,7,8,9,10
11,74.2432230624,82.0813783075,81.7882817547,73.7425175884,75.927674154,50.9210197458
