Random seed,5,6,7,8,9,10
17,82.3428330558,43.6235818377,84.8233622138,83.5730190884,92.9816134317,70.1360510453
