Random seed,5,6,7,8,9,10
55,54.360422437,67.6256543623,61.6272577345,60.6622174417,46.8460519244,41.8740390397
