Random seed,5,6,7,8,9,10
57,81.3675605788,76.7450128404,79.1972649467,82.6632593564,86.2682561935,78.7856101811
