Random seed,5,6,7,8,9,10
79,68.8098397842,73.6810308809,71.8030944404,69.2315659038,70.0057141453,56.152006749
