Random seed,5,6,7,8,9,10
89,72.0771415492,79.3666714179,86.6078922136,86.8817734486,86.7396034899,83.459454185
