Random seed,5,6,7,8,9,10
31,25.7685713265,16.4116696834,39.7373722603,33.0116985135,34.0673705199,14.5946991721
