Random seed,5,6,7,8,9,10
49,83.0671841183,87.1846524626,75.2174663276,87.3901943739,87.7788965387,78.3748892326
