Random seed,5,6,7,8,9,10
81,70.4194920977,50.8314040218,86.1242586134,89.1011825868,88.7383398897,65.9355113737
