Random seed,5,6,7,8,9,10
38,73.957065658,80.6901573957,73.9795892578,89.3698444198,84.1067319484,66.2921761128
