Random seed,5,6,7,8,9,10
59,45.1791249803,73.5692054706,79.0774956877,79.5351476231,78.766437902,52.9070015174
