Random seed,5,6,7,8,9,10
27,75.4854032676,83.9693562668,84.1471554788,83.5377675709,83.3047668237,56.6371136838
