Random seed,5,6,7,8,9,10
88,32.8793691885,36.2776666334,42.3843571188,43.9883133924,67.4741657002,51.1454658032
