Random seed,5,6,7,8,9,10
78,68.6255263601,45.9957891175,88.2630181334,83.6285174586,84.3184270387,54.8434031359
