Random seed,5,6,7,8,9,10
72,54.2944641703,65.4274508738,76.9338129448,83.5658485304,70.9673818316,52.1248809886
