Random seed,5,6,7,8,9,10
12,31.7627457812,62.2552469604,59.8121538295,66.6153506055,60.724987394,42.6938939246
