Random seed,5,6,7,8,9,10
84,35.5782953645,47.4923676495,64.426830983,86.8037234525,81.194904506,61.2988235442
