Random seed,5,6,7,8,9,10
81,59.2546375635,92.8231039332,84.9769936129,82.8399471881,67.881269075,47.801806792
