Random seed,5,6,7,8,9,10
91,57.4481782808,64.5490113325,95.1153405999,92.6639313586,85.268570909,56.3474099612
