Random seed,5,6,7,8,9,10
21,70.206507246,82.3426863689,71.2393836902,83.0009856109,87.1732531705,83.2819998178
