Random seed,5,6,7,8,9,10
53,60.2535292528,79.5677129643,84.6240180321,81.3600606809,85.9634989825,50.4608244262
