Random seed,5,6,7,8,9,10
13,40.2336228649,61.5701138112,58.9906625835,71.1666070879,53.8338801557,35.2058328949
