Random seed,5,6,7,8,9,10
80,60.4926303907,67.0100013215,64.1328736999,57.0042411876,57.5012536031,54.0440602973
