Random seed,5,6,7,8,9,10
54,66.1337658382,71.5625772021,80.9813434412,77.9534830809,76.2183442169,63.9835680087
