Random seed,5,6,7,8,9,10
20,80.245874463,89.6185629537,88.5746193253,89.0647680981,84.3619624953,75.1784686118
