Random seed,5,6,7,8,9,10
58,61.6557774593,74.975607053,84.0606676082,84.508871614,78.1702777378,71.5022971707
