Random seed,5,6,7,8,9,10
82,67.219990949,88.4225058886,79.9872215603,90.1513792355,89.144822826,82.4087288607
