Random seed,5,6,7,8,9,10
46,55.2613750237,39.4716053503,72.3006969912,66.8560394414,68.6591853152,52.6453123197
