Random seed,5,6,7,8,9,10
50,71.5073796099,86.6250155864,84.0728026785,86.6408326397,83.4213304054,72.9174249243
