Random seed,5,6,7,8,9,10
58,36.3217288114,66.631107112,54.3120127609,54.5246109985,60.3282107644,42.5628090221
