Random seed,5,6,7,8,9,10
89,74.5166607694,77.5001793431,79.7073521543,83.3883332667,89.1120020528,73.5066774322
