Random seed,5,6,7,8,9,10
19,62.2404415934,79.9051398668,79.7133812218,76.7193422365,81.4417139844,58.7963489072
