Random seed,5,6,7,8,9,10
29,70.9752008635,69.057511084,78.0944086991,74.8494482188,87.3719451912,79.6296879697
