Random seed,5,6,7,8,9,10
65,57.4587197177,62.786870971,75.3882163627,74.6209578066,90.5272611257,65.1847959388
