Random seed,5,6,7,8,9,10
21,78.941876717,87.4554510686,85.946320101,87.4894145724,83.2499758039,64.9149035264
