Random seed,5,6,7,8,9,10
12,30.0268971943,61.5133704862,58.6711043011,65.9796360309,60.3791833736,42.6377107568
