Random seed,5,6,7,8,9,10
10,59.1448083951,76.7707130159,78.2862035445,79.4482760982,83.3358231025,76.9228884251
