Random seed,5,6,7,8,9,10
46,65.8757492985,61.0717003649,71.3335592724,83.306573474,85.9994259311,79.5393072727
