Random seed,5,6,7,8,9,10
90,68.2739986134,70.2515405725,74.974111897,73.8779241602,76.1079174303,70.4047334576
