Random seed,5,6,7,8,9,10
13,37.1981054874,54.9154963401,69.6446574723,75.6301025142,63.4372766468,43.8127080473
