Random seed,5,6,7,8,9,10
92,48.6859550139,51.2314803426,80.7184835201,77.0036926308,73.7594783541,58.0135752017
