Random seed,5,6,7,8,9,10
67,71.7709641325,83.5908253904,80.8678388274,82.6987905946,78.4942317061,72.0360906865
