Random seed,5,6,7,8,9,10
2,67.5774253405,75.6765803722,63.0201191329,69.4844274464,78.7663609782,80.1369898586
