Random seed,5,6,7,8,9,10
11,75.9873800362,77.6541774086,84.3331573965,90.7791142004,84.2918593844,76.4959958503
