Random seed,5,6,7,8,9,10
74,57.6426475803,70.4461016203,67.4179543162,77.7276024232,78.9721693583,83.4138659591
