Random seed,5,6,7,8,9,10
90,70.401213152,73.1373358366,76.2154793207,73.9789276887,73.8167038341,77.4375177754
