Random seed,5,6,7,8,9,10
12,45.4324638602,55.5141648168,60.4026938561,55.757408708,56.2325220975,49.0564418363
