Random seed,5,6,7,8,9,10
2,83.4591116884,91.0151458321,80.9621371324,89.8643340832,90.2082244072,73.1659844415
