Random seed,5,6,7,8,9,10
63,78.674978434,85.7043939467,92.0526314448,87.1083320174,85.1054627657,79.1092483524
