Random seed,5,6,7,8,9,10
73,41.8646940843,46.0679233448,46.8095220823,49.8894409398,44.4886648469,41.044672114
