Random seed,5,6,7,8,9,10
51,55.9105860104,59.8349207576,61.3670284659,65.3588913436,47.1431067654,25.7618439531
