Random seed,5,6,7,8,9,10
99,57.0258756733,64.6228479767,65.7736587698,72.0716621565,65.8890572768,56.3490311757
