Random seed,5,6,7,8,9,10
29,69.610849013,76.2231896169,70.164039439,74.4880310977,84.9590242462,73.0821649617
