Random seed,5,6,7,8,9,10
71,56.5734286925,39.5293718702,76.5666630921,70.212294163,62.8258924876,43.45755262
