Random seed,5,6,7,8,9,10
80,67.1989831166,68.4989850555,75.088733129,77.2710441753,69.9883995922,65.2342695311
