Random seed,5,6,7,8,9,10
4,75.674899433,79.7872218058,71.8089111328,80.913287951,82.1324040106,74.5923772647
