Random seed,5,6,7,8,9,10
48,41.8404814387,78.5269986937,71.4669453068,84.6347340515,92.3136682254,68.9626531497
