Random seed,5,6,7,8,9,10
0,58.0835130535,70.4612217634,61.9917753851,66.1787314704,57.4062889876,50.8508318943
