Random seed,5,6,7,8,9,10
69,57.443100512,85.3634913891,90.7166944169,78.1249708198,75.6757651081,26.0606574962
