Random seed,5,6,7,8,9,10
22,61.3693168355,74.6265905221,80.7999831297,79.3740617903,79.9035000553,55.362672106
