Random seed,5,6,7,8,9,10
63,77.0491819796,83.1877595889,84.1118515043,84.2941547323,79.5886829288,80.3673069272
