Random seed,5,6,7,8,9,10
64,61.0205151961,66.4383861216,64.4133493051,63.1000068086,64.7774497508,60.1791292395
