Random seed,5,6,7,8,9,10
61,62.7352250691,44.4568307789,66.2145672308,76.3330098795,73.2536647062,39.1018394495
