Random seed,5,6,7,8,9,10
89,76.3624223199,83.2754811818,83.6417270075,85.1883397443,91.6301942596,84.5250869981
