Random seed,5,6,7,8,9,10
28,58.826085361,50.5929853465,68.1143649199,75.9497037575,74.7905338115,58.6504111888
