Random seed,5,6,7,8,9,10
76,77.3011803212,78.3175559233,75.6557317627,76.6960679741,82.8383733688,80.0277151611
