Random seed,5,6,7,8,9,10
36,84.9105961798,65.468276206,85.7376511543,80.5288027666,78.8208709825,59.0756184021
