Random seed,5,6,7,8,9,10
2,73.7737638979,78.4023934765,63.6367687766,71.5059316468,75.816886246,85.6524421656
