Random seed,5,6,7,8,9,10
97,73.703679458,70.0232389527,78.0438715795,74.3308473066,61.6086321676,47.1705344416
