Random seed,5,6,7,8,9,10
69,75.4811123444,83.3141925588,70.2973708693,68.0239098651,73.5637793513,48.4950425379
