Random seed,5,6,7,8,9,10
5,57.0635496725,65.0803944887,77.0259800521,76.7155905496,80.0391576667,65.1106468731
