Random seed,5,6,7,8,9,10
45,77.7783940606,66.346401467,93.6103065632,87.9183576842,81.2866582651,66.6752509928
