Random seed,5,6,7,8,9,10
79,55.8998862407,69.5055974269,69.6276616446,72.221991997,66.1493018427,31.3853595059
