Random seed,5,6,7,8,9,10
24,59.2742111491,73.1466517262,71.1171588119,70.9075963512,75.3818117304,41.7379747516
