Random seed,5,6,7,8,9,10
5,46.5857316315,63.2037450425,78.1076924915,62.9757689859,64.6404589094,43.1965314465
