Random seed,5,6,7,8,9,10
72,74.5667499529,88.5970030101,74.8094332985,81.4651490105,74.3694140182,59.4277215973
