Random seed,5,6,7,8,9,10
93,80.0926276186,47.989598299,81.1835487352,81.5074686323,79.9498879551,77.7351142472
