Random seed,5,6,7,8,9,10
99,54.8002154958,65.7036241704,67.5435308147,78.0847873861,73.1450575793,68.1299395196
