Random seed,5,6,7,8,9,10
61,78.1526209245,57.07201053,76.2159514643,88.9081226539,90.5640428487,68.0273519328
