Random seed,5,6,7,8,9,10
67,66.3738258227,76.934774292,71.0587806598,84.8682202254,86.27189306,87.6704061617
