Random seed,5,6,7,8,9,10
92,41.3760491606,56.606506924,84.1354842977,78.7928458771,72.133357318,49.9801417751
