Random seed,5,6,7,8,9,10
15,68.9578989877,83.7821274738,83.264977317,93.1280499065,84.552455768,64.1440575408
