Random seed,5,6,7,8,9,10
3,55.9040776283,49.9409859877,68.8468647357,55.2666298136,55.9279629849,33.8561649417
