Random seed,5,6,7,8,9,10
46,45.5122084926,37.6832774494,65.3662556175,57.7887875607,59.0075616671,32.9816783353
