Random seed,5,6,7,8,9,10
98,80.6270229592,81.7267393151,95.4791079922,84.1078479613,83.5518837954,85.2246169973
