Random seed,5,6,7,8,9,10
50,74.2998804678,80.4158880216,87.3252154858,88.5868384471,83.0405391912,72.6893603995
