Random seed,5,6,7,8,9,10
94,71.1771829316,75.2788010673,82.9586001025,80.4303385133,77.0071507171,47.5751246791
