Random seed,5,6,7,8,9,10
13,31.6495843614,61.7605722369,67.2828965962,66.0665336599,44.7094459787,14.8587692543
