Random seed,5,6,7,8,9,10
71,56.2248691157,46.894324468,79.1287681954,46.5494537642,33.7012122768,6.5935025938
