Random seed,5,6,7,8,9,10
13,30.2251317993,57.6410746042,51.5884927752,53.3675923845,40.8669347258,15.519816837
