Random seed,5,6,7,8,9,10
39,76.6835416452,80.4572474028,80.3131490226,85.674661955,89.143492424,74.588860584
