Random seed,5,6,7,8,9,10
48,59.5627562727,76.4435544535,81.6041246684,86.2168429759,86.6613157589,66.460194231
