Random seed,5,6,7,8,9,10
42,76.6024113496,71.2486053511,84.1558210963,75.1768674701,74.5571433893,55.6279354689
