Random seed,5,6,7,8,9,10
51,34.9193728249,53.0622380349,53.1491956518,63.2851084736,49.9256205871,43.6399858756
