Random seed,5,6,7,8,9,10
40,51.2296964107,56.6262737752,70.7387471541,56.2131654604,57.7775511572,36.1736143599
