Random seed,5,6,7,8,9,10
40,77.8886828732,61.1085428011,76.074540005,76.6007881049,82.7121735157,79.0618543625
