Random seed,5,6,7,8,9,10
29,30.1367285284,26.5641398742,45.9319809571,46.4484769365,57.8039693421,36.1640128647
