Random seed,5,6,7,8,9,10
21,74.2967313082,84.0043100495,82.707947314,84.2012901014,78.6634048371,70.6552401325
