Random seed,5,6,7,8,9,10
67,68.4406506338,85.5474686754,77.0275091314,84.4568152008,80.8909724677,69.580011599
