Random seed,5,6,7,8,9,10
21,80.7575995155,85.0469994983,83.7635700218,88.435389616,91.8318497174,80.337736462
