Random seed,5,6,7,8,9,10
43,80.2142703868,85.5255856449,84.3314671486,85.1967457638,86.1725927252,62.5770990576
