Random seed,5,6,7,8,9,10
28,67.6404825573,58.1744695059,78.4564422906,82.5354702713,83.4521647251,73.2379440418
