Random seed,5,6,7,8,9,10
20,57.5914704172,56.6896581128,66.4195886152,58.2140561073,62.9985503922,31.6260934091
