Random seed,5,6,7,8,9,10
63,77.3124246177,90.2327155577,91.267795138,89.0930679221,86.8395680848,85.3532880325
