Random seed,5,6,7,8,9,10
48,62.9869083987,72.125137983,84.9305739127,91.5464678824,87.6419561812,68.2307637397
