Random seed,5,6,7,8,9,10
75,77.4465978445,77.1949490482,79.9507974177,71.4561830288,69.5545311021,57.9775198918
