Random seed,5,6,7,8,9,10
92,79.8919255789,58.8536701887,85.1102355641,87.6964851609,75.055136101,70.635466516
