Random seed,5,6,7,8,9,10
58,67.5875901001,77.6325222581,83.8927033562,82.5583025273,84.8219924417,80.7787473101
