Random seed,5,6,7,8,9,10
74,86.2040399923,86.3216280846,88.3237371159,93.4680795052,91.7238648483,79.7299648448
