Random seed,5,6,7,8,9,10
13,29.168879582,50.1150568799,55.4223332472,59.375779764,52.0083043445,23.1139216071
