Random seed,5,6,7,8,9,10
85,60.8741106182,71.8485458607,70.4642209003,81.8703612178,79.0540290768,72.3227009262
