Random seed,5,6,7,8,9,10
32,81.2884625276,89.8410574604,75.4412847908,84.2581264956,85.6504677694,59.5303258528
