Random seed,5,6,7,8,9,10
87,90.2042528765,58.9235470355,83.573391962,79.2707684212,77.1477803291,53.4472646176
