Random seed,5,6,7,8,9,10
48,50.1273849778,77.1321295993,91.6811775733,87.7938888884,73.7993171938,39.6816498933
