Random seed,5,6,7,8,9,10
6,65.0392802058,70.6774210594,79.3914574774,82.0832994624,77.1753561264,40.130242499
