Random seed,5,6,7,8,9,10
65,52.5188875539,73.2423644842,73.3907662296,70.1155594748,69.614775951,48.1114955628
