Random seed,5,6,7,8,9,10
64,62.1969934725,64.323518373,69.5648956091,65.3660714639,66.5275225367,62.1053473086
