Random seed,5,6,7,8,9,10
45,83.2224617824,80.7320490007,92.6553485141,87.3351186501,79.0250077642,60.5921326146
