Random seed,5,6,7,8,9,10
43,79.9396418385,75.8801814263,79.2515726216,77.8394445128,79.5537619013,68.9798652302
