Random seed,5,6,7,8,9,10
56,48.0646372081,82.7133145117,84.048699753,82.7497818423,76.8651227113,65.8165418424
