Random seed,5,6,7,8,9,10
32,73.0001909444,83.74660649,70.86656538,85.1289168527,86.2119118167,61.2092118429
