Random seed,5,6,7,8,9,10
54,85.8852021052,61.8990390773,91.3921938601,88.0543369996,85.5340587944,78.337504968
