Random seed,5,6,7,8,9,10
46,56.0685433289,39.9103110984,65.5064594406,60.8795673958,64.9334050099,45.1349072823
