Random seed,5,6,7,8,9,10
80,62.6316569649,63.0707616368,57.734149492,57.4841594559,55.9851182895,51.506467777
