Random seed,5,6,7,8,9,10
95,73.4517463748,62.6397722924,84.652413946,83.9170494209,94.5017421496,82.6968458865
