Random seed,5,6,7,8,9,10
62,70.6978743818,78.5923290804,77.9537037115,79.4817723648,77.3359581256,59.7158830845
