Random seed,5,6,7,8,9,10
70,75.1808649024,78.8507305141,75.7083126439,72.0107094945,79.0766129482,66.1145226136
