Random seed,5,6,7,8,9,10
92,74.5971385552,62.0381269253,87.1525339889,81.9038454731,78.6328693993,64.8401338962
