Random seed,5,6,7,8,9,10
37,65.8239131171,87.687631203,93.5381286648,86.5662025444,84.878336014,59.5108016339
