Random seed,5,6,7,8,9,10
31,44.0417829383,63.2059950316,60.7914978488,72.0533625453,58.2357426321,47.6266926993
