Random seed,5,6,7,8,9,10
12,36.8736278757,77.0664343381,57.3538960522,76.6260918338,79.1516585188,66.3803919001
