Random seed,5,6,7,8,9,10
85,64.3635013946,83.2049847247,64.5473108597,81.7307718389,90.3554877656,89.5175178996
