Random seed,5,6,7,8,9,10
35,51.6029233363,70.5065983367,74.0842814754,82.6345073477,83.5855216803,78.7604333554
