Random seed,5,6,7,8,9,10
81,54.2542965381,68.0987095696,87.9820770543,89.3286352776,89.6976973593,55.0305368588
