Random seed,5,6,7,8,9,10
8,63.3271213287,59.2377676217,65.1820985823,66.487837442,70.8641289872,72.2778896747
