Random seed,5,6,7,8,9,10
69,65.4754878297,78.7954173725,76.6127202019,91.7673167618,82.608837796,59.6730442238
