Random seed,5,6,7,8,9,10
1,39.3736059458,53.7093851948,45.8249247047,56.9393027251,55.0324817101,37.8794867835
