Random seed,5,6,7,8,9,10
23,51.7977988563,70.6152535984,57.8842150986,75.8071985284,83.0239428335,77.0785651019
