Random seed,5,6,7,8,9,10
9,54.4144556869,73.1560083733,81.7269149041,77.3462195641,81.4578042947,60.3737368664
