Random seed,5,6,7,8,9,10
9,36.0644172256,53.2433629849,48.7223061843,38.3740173426,44.286950259,32.113404721
