Random seed,5,6,7,8,9,10
54,71.1712854672,78.101321328,82.3417360184,87.328733016,88.6562924024,81.2426621378
