Random seed,5,6,7,8,9,10
16,40.4270947056,62.8202685879,86.4220558616,85.2134501521,69.97950511,33.4108789888
