Random seed,5,6,7,8,9,10
97,64.9791036928,79.5060603821,75.0638291698,78.5619825936,81.8826853272,73.7861203413
