Random seed,5,6,7,8,9,10
83,83.3140180978,86.6604227131,89.9124091437,88.1542825306,81.3830129781,65.9597487155
