Random seed,5,6,7,8,9,10
83,67.196364837,74.6434358927,80.5987635287,77.706793319,76.2571555454,69.0288057363
