Random seed,5,6,7,8,9,10
98,46.3103120227,59.7927247021,56.5800221544,46.4448780095,47.0932030462,46.9966630565
