Random seed,5,6,7,8,9,10
35,64.0118871689,46.573085988,74.2653000868,71.8705810642,72.9971256466,70.9802557819
