Random seed,5,6,7,8,9,10
83,79.3685861722,46.8552302879,79.529690949,74.3115061535,77.674846154,64.8059208803
