Random seed,5,6,7,8,9,10
67,74.712184711,86.2647470478,88.1362476489,91.5369749256,86.2611550023,71.2881284768
