Random seed,5,6,7,8,9,10
76,72.4395723936,82.9986699053,83.3986357442,83.3117190764,82.5209952053,83.2556493868
