Random seed,5,6,7,8,9,10
4,82.1925211894,82.8193347626,77.9952068122,91.497990666,90.7065597043,74.3974232771
