Random seed,5,6,7,8,9,10
19,69.7465552077,73.4519018126,75.6592507072,78.750173155,83.6243894525,74.0248478678
