Random seed,5,6,7,8,9,10
76,69.7156413829,83.0271727158,82.912928004,86.383904032,72.6288677989,66.4746607432
