Random seed,5,6,7,8,9,10
67,59.1867329598,84.6722280348,84.9241206271,86.8766837346,71.9116398444,59.936093987
