Random seed,5,6,7,8,9,10
97,84.5647912272,90.2175349139,81.3926859411,86.662531745,93.931798988,78.6946067596
