Random seed,5,6,7,8,9,10
16,50.0868404437,64.078802467,90.5580445791,89.6644629154,76.0018775617,36.6510693525
