Random seed,5,6,7,8,9,10
41,52.4413309601,34.0432464209,58.9247485067,62.0823792892,60.3780974562,61.1988920495
