Random seed,5,6,7,8,9,10
70,79.6304675025,77.4655020048,77.2511956621,76.0877943897,83.3815776078,72.35144699
