Random seed,5,6,7,8,9,10
92,63.9006358211,67.7502858836,84.6053199387,83.940168917,72.6174822554,37.6431674278
