Random seed,5,6,7,8,9,10
64,55.4355738709,68.1646069931,62.2572910412,59.1911432187,63.147984747,36.7970821254
