Random seed,5,6,7,8,9,10
52,60.3377665758,72.4318469553,67.7872077938,73.3955075561,63.5915197757,43.8395422505
