Random seed,5,6,7,8,9,10
43,78.4983525912,72.8138846709,73.8251775442,77.7153146181,86.8447991768,69.715074426
