Random seed,5,6,7,8,9,10
13,22.4356101916,72.1570829857,55.1710222034,64.409928628,48.7150891646,22.1212319307
