Random seed,5,6,7,8,9,10
71,57.8478467321,45.7986619684,74.6224152232,63.1881084919,46.3099447671,25.4523799336
