Random seed,5,6,7,8,9,10
14,81.4412845875,74.0791476016,87.3799754813,77.4142532112,84.2829248339,64.3708920045
