Random seed,5,6,7,8,9,10
61,69.4943189687,77.8541607967,75.6041637098,84.1818289485,84.7776221541,90.3120909675
