Random seed,5,6,7,8,9,10
39,88.5698277169,87.780052536,98.9363230124,88.9569556934,90.2299167667,79.4909377476
