Random seed,5,6,7,8,9,10
71,61.7861979495,35.0380087354,73.6820462541,55.9228434374,48.9857126959,28.105215077
