Random seed,5,6,7,8,9,10
84,56.3977569149,62.2592284789,81.8974936296,86.0241777987,75.4234422691,52.9883571801
