Random seed,5,6,7,8,9,10
11,77.3409138953,77.0800235997,81.5055290513,87.1491758729,93.4303984347,72.9114787775
