Random seed,5,6,7,8,9,10
26,53.7320050564,77.866176429,80.4731983015,82.6201635339,87.6352714495,75.9573867068
