Random seed,5,6,7,8,9,10
17,72.0409008811,50.1345537155,86.8041047154,81.495487728,75.8851191224,48.460686176
