Random seed,5,6,7,8,9,10
11,74.4400301082,84.6018992874,89.5233220651,84.512735889,83.2455645474,48.6198567132
