Random seed,5,6,7,8,9,10
23,73.6867840283,81.764150145,67.7157485825,89.3878386882,87.9442451187,85.5324423242
