Random seed,5,6,7,8,9,10
48,61.0517660945,71.1690576148,73.1326486418,76.8113574951,89.993284582,67.0355298694
