Random seed,5,6,7,8,9,10
0,51.8971747329,66.2957779269,55.8892848074,60.8615898671,52.7018723473,39.4447335532
