Random seed,5,6,7,8,9,10
1,80.0267424291,86.5074002608,57.3421732417,79.3155617997,84.1860006839,62.0921642023
