Random seed,5,6,7,8,9,10
36,79.1141252891,76.4259752762,92.9038286745,84.4190657533,90.3539197372,63.6260995403
