Random seed,5,6,7,8,9,10
60,44.4305559571,56.3639881534,81.7683941873,79.4465925789,63.7515696274,20.4747663532
