Random seed,5,6,7,8,9,10
79,64.4823129775,71.1834109137,65.4774918853,67.6901788815,68.0570532311,48.4802908903
