Random seed,5,6,7,8,9,10
27,65.8806953954,78.2069743918,80.3615247368,80.0168667092,75.7652944346,52.1431549043
