Random seed,5,6,7,8,9,10
11,78.6281609745,86.2031060419,89.5495755658,91.5189180535,90.1414574247,51.1694371328
