Random seed,5,6,7,8,9,10
96,76.5246439714,67.802571123,85.1780962427,73.5948255726,80.2926533536,57.5218550465
