Random seed,5,6,7,8,9,10
28,64.891440479,65.3259912076,81.5416493662,82.4704853333,80.6183977091,66.7809396826
