Random seed,5,6,7,8,9,10
22,53.249324174,76.7362451866,78.5159501099,87.1555210472,84.250657663,64.2600919865
