Random seed,5,6,7,8,9,10
65,71.2655239508,59.4835633678,85.6886792329,81.4330317339,72.9906356294,56.5554036333
