Random seed,5,6,7,8,9,10
78,71.8457656104,69.4327289822,89.4398742492,82.9349761474,87.6559755056,56.0947143402
