Random seed,5,6,7,8,9,10
67,72.462907259,80.3424489498,77.8172178802,77.9412121335,73.3482319649,65.4927494988
