Random seed,5,6,7,8,9,10
44,56.1666989179,83.6346024634,83.4076263723,78.0388157066,73.0400100217,37.5361876049
