Random seed,5,6,7,8,9,10
92,70.8554692908,55.3835099052,86.8997736051,84.2317179798,78.3308902602,67.3497335674
