Random seed,5,6,7,8,9,10
51,45.9241976015,45.7546920916,49.7394172861,54.3912535996,48.546222324,33.4236384458
