Random seed,5,6,7,8,9,10
41,56.47249251,57.4771851745,78.5984824527,73.2736908274,66.9563847712,57.2301726988
