Random seed,5,6,7,8,9,10
80,59.7147395364,61.8873869655,57.6447361364,59.3437989629,56.9854151012,52.1127878987
