Random seed,5,6,7,8,9,10
76,74.7474159854,76.7440482881,82.8269853706,80.3669956156,88.9131338429,81.7243891223
