Random seed,5,6,7,8,9,10
57,84.9716375101,87.0647385845,89.7002066608,93.847093473,91.1178796311,77.9552596099
