Random seed,5,6,7,8,9,10
17,85.0470084707,62.6431935071,91.0084809682,80.6619016348,71.8639827177,53.7756762148
