Random seed,5,6,7,8,9,10
61,84.8125195311,58.0076833452,77.3568627757,73.186033419,63.3788181118,41.7120099692
