Random seed,5,6,7,8,9,10
72,43.8174679592,48.8143862309,59.4935945826,57.858018344,60.2752651043,50.6305745801
