Random seed,5,6,7,8,9,10
75,82.450601313,85.7556145795,76.3164242689,71.3924749249,69.8136973663,73.7441041478
