Random seed,5,6,7,8,9,10
6,56.9961825325,71.8901546994,76.8419131774,85.2256970205,78.1848704463,31.6985127753
