Random seed,5,6,7,8,9,10
96,70.2405439128,69.0451826295,79.7910650291,70.4792492816,76.516732935,70.947854191
