Random seed,5,6,7,8,9,10
14,79.9562213037,77.9717840828,94.8301112113,79.2411626259,85.5591246105,66.5978132481
