Random seed,5,6,7,8,9,10
87,65.793510361,62.7736895423,85.7959655227,72.6064028968,71.0484406955,45.685437159
