Random seed,5,6,7,8,9,10
30,81.0768658825,76.4535464531,89.5912649921,85.0287905508,86.3163229951,79.860088418
