Random seed,5,6,7,8,9,10
40,43.8062599081,37.0301048851,51.335911003,42.5854257815,61.0574999755,57.1764838689
