Random seed,5,6,7,8,9,10
96,81.9636439263,77.0379426295,89.0245610926,81.9321570277,86.10883313,88.2786253612
