Random seed,5,6,7,8,9,10
52,60.0791390448,80.7359781302,74.5638706149,90.2716417343,85.8430317369,69.4025674481
