Random seed,5,6,7,8,9,10
55,91.603359598,86.4896789524,75.0101319911,79.5903634588,74.5098418662,50.5891934678
