Random seed,5,6,7,8,9,10
5,56.4891939236,70.9989741226,92.8046139786,85.0181819471,78.5147882788,49.4657153074
