Random seed,5,6,7,8,9,10
57,71.9424863389,84.3875944598,85.3537096832,90.6793416415,89.8615771721,80.0884866989
