Random seed,5,6,7,8,9,10
5,60.791565143,69.1601392207,80.8859978626,76.2594487747,80.1215822184,64.5855413852
