Random seed,5,6,7,8,9,10
12,40.3341984921,62.8438941068,57.2216097933,74.6070712271,66.7883540604,56.8334641826
