Random seed,5,6,7,8,9,10
28,40.0199835961,48.5636560333,55.0072478066,60.9989855253,59.0605729133,54.4873871461
