Random seed,5,6,7,8,9,10
40,69.1043933317,79.4182368734,84.9596728756,90.2637103422,85.3715676504,80.4995025906
