Random seed,5,6,7,8,9,10
97,93.7740710094,75.2010965299,75.4107444806,79.0735687027,81.3905719717,69.0854457073
