Random seed,5,6,7,8,9,10
27,75.7437869522,75.4125891155,79.672036217,77.8913267907,76.1760222346,44.124901091
