Random seed,5,6,7,8,9,10
1,51.8001032514,69.7868456172,51.6011948043,71.424436644,81.2398250094,61.5431643573
