Random seed,5,6,7,8,9,10
54,84.5098688116,69.1303962915,89.9497967283,90.3461850782,90.5790374978,87.1331993838
