Random seed,5,6,7,8,9,10
90,60.1349122525,69.7464418276,71.7653866226,78.6312969835,72.5423978903,75.7566587993
