Random seed,5,6,7,8,9,10
55,24.925370122,39.5340734512,38.3061302192,35.5973552452,31.8868951791,34.9361320585
