Random seed,5,6,7,8,9,10
46,65.5642266071,62.6933998764,81.493032871,83.0359697478,75.019023226,70.600417401
