Random seed,5,6,7,8,9,10
94,57.5296627091,56.6898331739,80.900375967,65.500184609,63.4946944832,53.1363622538
