Random seed,5,6,7,8,9,10
5,65.9895429031,65.9792120541,82.3001509405,80.9062920731,82.0867869983,73.6548838117
