Random seed,5,6,7,8,9,10
64,61.365151215,75.9343461645,78.0789764878,76.1666775301,70.6645424192,70.9420629711
