Random seed,5,6,7,8,9,10
44,50.5730543946,70.1094718473,77.3210254627,75.716705184,65.7070969982,33.985556393
