Random seed,5,6,7,8,9,10
7,72.183690439,88.2294120359,91.5225596893,87.4237071283,83.3402341873,82.8210999671
