Random seed,5,6,7,8,9,10
19,77.078878827,70.7322911829,69.0218475995,67.348148732,74.6152997779,60.2468106066
