Random seed,5,6,7,8,9,10
54,72.2703758648,65.3500569733,91.6443057418,94.2592360649,93.0137766003,71.1458167962
