Random seed,5,6,7,8,9,10
84,62.5143979116,63.8896753952,80.4907803827,76.4538606942,76.0047414257,43.7409640314
