Random seed,5,6,7,8,9,10
34,55.7141953959,79.2472091479,76.9449614595,76.2675022818,81.0935644655,47.8103137659
