Random seed,5,6,7,8,9,10
31,44.6425799423,53.0776054701,63.7254925688,58.1102875479,48.0267501638,34.6503515657
