Random seed,5,6,7,8,9,10
45,86.7028898447,72.80244567,94.6727598732,90.6971156042,83.0508639294,68.2788137137
