Random seed,5,6,7,8,9,10
81,66.9198771902,69.2535990468,81.6840860848,83.5263167463,84.9194151941,69.0384012257
