Random seed,5,6,7,8,9,10
36,86.6546139127,64.1054905133,80.3225014327,85.7228184617,85.9319383119,76.9918862406
