Random seed,5,6,7,8,9,10
25,54.8997774598,66.2772933064,67.2997635438,81.2988982442,76.9863433166,62.8650247279
