Random seed,5,6,7,8,9,10
95,84.7568853532,62.4383568139,89.1668253883,81.7335688213,87.4477359437,79.3195539796
