Random seed,5,6,7,8,9,10
81,65.0520741829,69.9460090197,85.6631509107,86.9710174401,83.3207869884,79.7557566571
