Random seed,5,6,7,8,9,10
37,71.7434097828,81.0060906665,88.3132801017,83.8064765908,83.4764483671,63.6047746308
