Random seed,5,6,7,8,9,10
79,48.4902133468,66.4698612381,62.4910642254,64.4610707972,62.8814191668,29.8344093307
