Random seed,5,6,7,8,9,10
18,69.3388019114,73.7103744336,81.4129176029,77.5095665715,85.6157674309,69.7427911348
