Random seed,5,6,7,8,9,10
79,47.8572732649,70.4139917039,63.074702376,67.8704587833,62.4520448404,41.8908279033
