Random seed,5,6,7,8,9,10
27,85.2942744554,72.8675924159,71.2432584729,79.5855633396,79.4478647331,78.5910401027
