Random seed,5,6,7,8,9,10
92,64.9057753575,67.6865233856,81.7499070171,77.5864593545,72.5819828437,60.6152594962
