Random seed,5,6,7,8,9,10
75,80.7172441605,33.0169272097,81.2491542489,90.7244047678,89.322261784,74.8425055358
