Random seed,5,6,7,8,9,10
37,60.1238590605,92.9014746032,90.3326637078,78.2983607302,72.9026336854,36.8881161216
