Random seed,5,6,7,8,9,10
68,50.3079367089,78.121891833,57.474516917,77.7574392644,81.4269057976,62.7651042274
