Random seed,5,6,7,8,9,10
75,76.0410852877,63.6969637787,83.5404603536,76.068935832,75.3670304892,62.1225016524
