Random seed,5,6,7,8,9,10
18,85.1667583009,84.4097256836,86.2269984384,85.1847804297,82.4611424036,90.8176162857
