Random seed,5,6,7,8,9,10
85,71.4845668708,83.2998481582,61.7260001135,80.4543635767,82.6102943138,67.3371142274
