Random seed,5,6,7,8,9,10
43,84.3491627186,79.2083057622,76.1634389134,76.2432802463,82.5800071764,73.3688992984
