Random seed,5,6,7,8,9,10
73,47.6397035673,50.6904493557,46.5588266989,54.4553032909,44.1348051887,39.9207334228
