Random seed,5,6,7,8,9,10
36,79.8767872721,63.485481005,78.9047534709,74.2032332232,86.7560681448,83.1802036531
