Random seed,5,6,7,8,9,10
76,69.709408438,79.6703968323,80.8903119697,84.1812954011,86.573117588,62.6743590107
