Random seed,5,6,7,8,9,10
40,65.8598427469,60.7335971006,72.6052107828,70.8975461341,80.8565699229,73.3708733275
