Random seed,5,6,7,8,9,10
10,45.6892200646,47.1143859544,56.7670223592,76.3680911064,61.7652769931,45.3938605864
