Random seed,5,6,7,8,9,10
5,59.069925383,79.2138741844,86.3166348719,84.2746759053,78.4893265508,58.7447857831
