Random seed,5,6,7,8,9,10
27,63.4999102055,78.4088475412,88.749573223,84.0122410598,77.8164794703,49.1480707227
