Random seed,5,6,7,8,9,10
13,35.1241615706,50.3491973304,56.1226706249,59.3287510121,53.6339966622,27.5775236373
