Random seed,5,6,7,8,9,10
1,67.7794173657,79.8801099549,66.9509121661,82.6685065843,81.2301047263,60.1906630329
