Random seed,5,6,7,8,9,10
45,72.0489183067,56.7155175021,71.9400209789,77.4121027327,77.9971596262,67.0427984974
