Random seed,5,6,7,8,9,10
69,90.1825764768,87.093413173,84.2167919066,88.7143813052,90.1367197889,58.6006786219
