Random seed,5,6,7,8,9,10
59,52.2819813728,64.3596030401,69.6343084584,71.1711414367,67.1315180087,52.0890407238
