Random seed,5,6,7,8,9,10
35,67.7126367558,68.8518524036,78.7702748599,78.3101274747,80.5625834551,78.2513221565
