Random seed,5,6,7,8,9,10
89,73.1434633313,79.1778531011,77.7226095402,74.9377263071,75.6759145121,78.9092289091
