Random seed,5,6,7,8,9,10
25,44.5197265726,40.8184668497,55.0087796013,48.3303496005,55.8868315919,44.0950868939
