Random seed,5,6,7,8,9,10
58,41.7202985248,75.6867628979,69.4496083727,68.4582918494,74.2156892745,51.4970067093
