Random seed,5,6,7,8,9,10
84,57.8832700319,45.6074141369,82.7142780821,83.3570653964,80.4868741633,51.5565262936
