Random seed,5,6,7,8,9,10
23,40.6339036588,50.248698534,56.7506975766,54.0735614952,52.6082678701,40.4692921394
