Random seed,5,6,7,8,9,10
84,37.2709421491,37.3584111812,47.551344768,66.9899543783,56.8334308707,50.9562823481
