Random seed,5,6,7,8,9,10
72,69.5270786253,56.7475063708,60.2922310007,59.6181550053,70.1389109771,60.4976534519
