Random seed,5,6,7,8,9,10
45,82.7781792482,73.049230316,93.8757174991,84.541901667,81.9760945764,70.2378689415
