Random seed,5,6,7,8,9,10
68,65.8156715652,79.6940562359,79.0344412494,88.3073202714,89.5355622725,71.9750989794
