Random seed,5,6,7,8,9,10
25,54.5503523075,47.7668112906,71.0588111302,60.1109972678,64.3504342411,61.2783627934
