Random seed,5,6,7,8,9,10
35,59.4622059518,71.8300216087,72.8615382135,75.3134743201,71.1304102906,74.2750339515
