Random seed,5,6,7,8,9,10
4,84.1644793017,65.308117619,81.6903026996,83.7068027942,87.1188265655,71.3983051963
