Random seed,5,6,7,8,9,10
88,47.3340368398,54.7019906282,67.8285927314,66.5311706962,56.9753366398,42.9330530284
