Random seed,5,6,7,8,9,10
28,54.1256073136,51.1807566489,72.9644820542,80.6384416961,78.615871497,56.7440267075
