Random seed,5,6,7,8,9,10
4,74.8393288507,68.9561798637,66.561853698,77.0500662416,78.3206910811,83.0845588149
