Random seed,5,6,7,8,9,10
20,56.6158362156,61.0628377058,77.711176786,53.1339467512,61.2375489312,30.0517474212
