Random seed,5,6,7,8,9,10
86,72.3790265058,59.53713962,77.4375700202,90.4800343723,88.1723875946,78.8707018144
