Random seed,5,6,7,8,9,10
32,63.9767717412,77.340412024,51.3131363231,76.612093313,82.4284644803,68.7868309342
