Random seed,5,6,7,8,9,10
70,76.9286362082,89.708148382,83.3834289249,72.9419190488,76.5655915,46.0350046438
