Random seed,5,6,7,8,9,10
54,79.1678830052,61.5005594865,82.8200210464,82.169931963,83.4530684754,89.71798498
