Random seed,5,6,7,8,9,10
66,83.7744075192,85.3688287469,93.2969511228,89.9710687448,89.0967661845,75.2901283296
