Random seed,5,6,7,8,9,10
81,73.6725028499,78.4878903716,96.5377352256,87.2228915781,81.8421297846,69.9010276344
