Random seed,5,6,7,8,9,10
0,60.9757755027,58.497632243,57.9839382693,56.0834590481,55.1745376101,45.9414235086
