Random seed,5,6,7,8,9,10
62,77.0652653357,72.754958275,77.7171699096,81.9285983773,71.4392773339,31.5761242232
