Random seed,5,6,7,8,9,10
17,78.3892691079,60.6221078481,86.3736891826,92.7680808803,90.4115446408,75.4943263227
