Random seed,5,6,7,8,9,10
98,54.7521294439,59.1899363138,54.6484057837,47.1122193355,48.0840174647,57.6096150584
