Random seed,5,6,7,8,9,10
81,84.3528766175,66.1642931071,88.6114087988,87.6159002472,82.7811135643,64.9994067724
