Random seed,5,6,7,8,9,10
44,44.2600026462,70.1491195261,78.67344375,75.8395050247,62.504500191,32.570620282
