Random seed,5,6,7,8,9,10
72,44.1110322295,41.0755055547,33.4970050943,35.8720830728,42.761990999,41.2435781906
