Random seed,5,6,7,8,9,10
53,58.9912863342,72.4142791146,71.150875323,65.5818187827,77.1156873903,52.6953811248
