Random seed,5,6,7,8,9,10
9,75.5300834529,86.0829481737,86.5402781633,93.9458550606,91.1353068685,79.2938602473
