Random seed,5,6,7,8,9,10
62,72.1506240476,75.6276165717,75.4077342941,76.2744047893,75.6731356925,58.1837854141
