Random seed,5,6,7,8,9,10
0,60.5545419947,83.3765970821,67.2245123886,71.0708383251,52.8405527345,40.1775123111
