Random seed,5,6,7,8,9,10
15,48.3561566743,68.2001559181,80.766885223,91.1532570778,85.0775840888,52.1170932257
