Random seed,5,6,7,8,9,10
57,65.894749062,70.1325841915,80.0813867359,74.3992309405,80.0990261048,57.4003034714
