Random seed,5,6,7,8,9,10
6,55.7888210299,78.5702124622,79.4048413415,72.0515933184,59.4860445025,50.5456992314
