Random seed,5,6,7,8,9,10
7,80.5764373848,89.6368460975,92.1939033177,81.9129431635,87.5226960297,87.8969422942
