Random seed,5,6,7,8,9,10
99,66.5842487582,67.2975872563,79.1468190785,81.700350104,81.5621070205,80.3360132783
