Random seed,5,6,7,8,9,10
11,73.1939794602,82.6860465392,82.5669290663,81.5872583746,85.5745068428,48.1424976969
