Random seed,5,6,7,8,9,10
73,41.2579506305,50.9874357391,51.5654882451,56.2566114405,42.6469976094,36.9881816205
