Random seed,5,6,7,8,9,10
45,83.3399837393,64.9853575379,91.3685234209,91.4670058342,89.4544087499,80.0319191148
