Random seed,5,6,7,8,9,10
87,54.3289271186,84.9967216108,63.2153594135,64.1436833681,59.1824250738,52.1101161477
