Random seed,5,6,7,8,9,10
34,50.7439162148,85.6123187573,84.8238859281,80.6311479956,84.5001464095,43.4367792306
