Random seed,5,6,7,8,9,10
66,77.5281599669,85.9686298708,93.3783236922,83.7563479637,82.5822206472,68.6081598111
