Random seed,5,6,7,8,9,10
8,66.2124362507,85.6975091105,90.2170198381,86.1495220365,88.2617591435,70.0059687687
