Random seed,5,6,7,8,9,10
74,79.0425400078,84.6839024615,79.9539521347,79.6831530787,83.1648416766,70.377516778
