Random seed,5,6,7,8,9,10
76,77.9642049975,78.1973680031,85.332185915,84.752047517,86.1020894918,75.217734965
