Random seed,5,6,7,8,9,10
23,63.7518367234,65.8863264395,70.7088673485,73.5451173107,70.0413490646,72.6141962839
