Random seed,5,6,7,8,9,10
34,46.1293736767,85.9178775134,84.3994722833,78.8301355684,82.1777564838,42.0176669191
