Random seed,5,6,7,8,9,10
3,50.0840634995,48.5863374082,66.3453027696,67.8901791982,70.8940589942,44.2488412852
