Random seed,5,6,7,8,9,10
43,72.1325478633,69.8165481093,85.2866199997,84.2169186645,88.0399674824,79.122157353
