Random seed,5,6,7,8,9,10
99,59.2446352174,61.6456245064,58.3703980502,65.4792835604,65.9828836954,57.8759855469
