Random seed,5,6,7,8,9,10
88,48.975737019,53.2016262133,21.0784404356,35.8334832144,59.4003271665,38.592507171
