Random seed,5,6,7,8,9,10
24,56.2620957268,78.7455825736,71.3205814769,80.6545524246,85.8101428055,63.3488901987
