Random seed,5,6,7,8,9,10
78,64.8360338081,58.4904614318,93.3194077194,93.0870144555,84.8380842041,51.7968029032
