Random seed,5,6,7,8,9,10
44,52.3477277986,77.2670253222,83.9733357586,80.662757001,65.5660625802,41.7010237482
