Random seed,5,6,7,8,9,10
49,79.5423946736,83.8065780431,78.2978649138,87.6806664214,89.5297241025,76.2864429125
