Random seed,5,6,7,8,9,10
28,49.856955545,54.102185217,76.9543072801,76.4892730497,76.5880865193,56.8783695086
