Random seed,5,6,7,8,9,10
34,39.5782608392,85.9421834527,78.4368804235,82.1660481036,80.7478907162,37.5148390025
