Random seed,5,6,7,8,9,10
30,83.5957473518,81.7934978058,91.6937524674,83.2639654737,78.9797205798,72.9359760258
