Random seed,5,6,7,8,9,10
82,74.6915060859,82.4598111444,79.1494655032,85.9810083424,87.0270969855,81.0138666503
