Random seed,5,6,7,8,9,10
74,72.8539686197,81.9633718728,71.9857808938,80.9255033013,88.4390875466,91.5358196247
