Random seed,5,6,7,8,9,10
51,50.6255811273,65.9300080886,64.0561204037,71.2082419798,48.9816371113,49.2787940142
