Random seed,5,6,7,8,9,10
69,53.3291935035,50.0586491855,67.2020094569,47.0997550674,53.270785964,19.1615480694
