Random seed,5,6,7,8,9,10
89,80.39385768,84.2625048941,77.3669124531,70.0453822092,68.8700195742,51.1295675625
