Random seed,5,6,7,8,9,10
90,54.8433940856,49.1128017336,72.4405178484,74.0605121419,72.4845335751,69.2890070265
