Random seed,5,6,7,8,9,10
79,46.8339065768,64.7597520866,66.6260331853,64.7945742859,61.444170174,29.2927064507
