Random seed,5,6,7,8,9,10
49,62.842221454,67.6591852789,70.860958924,83.7917504825,72.9948094714,62.8639381771
