Random seed,5,6,7,8,9,10
64,60.0971361316,69.0800176165,65.2848093,61.0618422749,62.7585316321,54.4800559437
