Random seed,5,6,7,8,9,10
85,62.9943895097,71.8410633119,67.8803666364,80.014473382,83.5188017719,81.8874653839
