Random seed,5,6,7,8,9,10
31,42.9140948963,68.2213329463,63.4514611219,68.3713163043,50.6623828375,34.2175567405
