Random seed,5,6,7,8,9,10
35,63.9245050363,84.8800629018,79.0830873495,86.5119196145,78.4267274639,80.9493665707
