Random seed,5,6,7,8,9,10
59,46.0184240574,59.3388672264,72.3979066097,66.8364525453,68.23317146,55.0331788022
