Random seed,5,6,7,8,9,10
47,75.2606726127,73.4830358758,91.2064906724,84.6085741169,89.8290160334,77.076019353
