Random seed,5,6,7,8,9,10
84,51.4116578324,52.7889462406,77.3791265128,78.6001664882,69.0708853495,61.2848939665
