Random seed,5,6,7,8,9,10
0,63.6855607551,88.0536687525,75.5428185039,78.2437320232,62.1331910543,51.1665294249
