Random seed,5,6,7,8,9,10
27,64.7070210849,74.5740228324,82.5928536862,82.1648647248,79.91200164,68.0882417432
