Random seed,5,6,7,8,9,10
18,56.0990197494,80.1454909041,72.7944155611,73.4208357819,79.2919505819,60.4272069089
