Random seed,5,6,7,8,9,10
0,50.5668969345,64.0610976838,54.6497527312,59.5591389959,54.2023150022,43.1545656626
