Random seed,5,6,7,8,9,10
26,53.03535998,86.5864125302,88.3137646423,98.6226034971,84.1929119323,56.0362734496
