Random seed,5,6,7,8,9,10
66,73.5424217193,76.760474238,86.1700263574,88.3283120912,84.8002164511,79.9486621281
