Random seed,5,6,7,8,9,10
55,29.1261470476,45.4650706486,45.2478826357,37.4920045328,26.852137519,31.8380253354
