Random seed,5,6,7,8,9,10
52,62.9256936291,74.0169557058,70.4045814507,85.8714094453,86.8283726554,74.0517659626
