Random seed,5,6,7,8,9,10
20,82.1471875764,88.5950499147,86.7848965922,89.568975087,80.7865274718,75.0606570101
