Random seed,5,6,7,8,9,10
11,71.7813003428,75.1186192157,73.3724454442,77.9436309901,86.0764593857,55.3149613903
