Random seed,5,6,7,8,9,10
78,53.9630947992,40.9726181858,83.3382529795,86.2383152932,79.4748836427,58.7023949689
