Random seed,5,6,7,8,9,10
32,58.5448503631,60.2030510373,65.8582276968,87.8575718881,87.8830980429,71.4613335121
