Random seed,5,6,7,8,9,10
46,61.6898196965,69.5291414694,75.7443269863,76.9521455406,82.7828206519,75.845065263
