Random seed,5,6,7,8,9,10
82,56.7506722577,69.3739944488,69.8435034164,84.7110885622,84.9064008158,70.814223217
