Random seed,5,6,7,8,9,10
56,61.562117558,84.7200671602,90.8971046168,88.8473617269,84.9422534735,71.0682312578
