Random seed,5,6,7,8,9,10
90,66.9470996689,71.8012784482,81.8569001338,75.7621047722,76.1896636623,65.9774104481
