Random seed,5,6,7,8,9,10
45,80.1480486956,79.698974498,79.6091417224,74.120096107,62.8383216972,41.8613639561
