Random seed,5,6,7,8,9,10
43,75.3524679568,76.45984558,85.979536436,87.0621384655,86.9409332014,82.0162583035
