Random seed,5,6,7,8,9,10
8,58.3816085248,71.6192534353,77.3565713952,74.3654143772,70.1804953358,53.9739635966
