Random seed,5,6,7,8,9,10
96,76.9005455654,64.642142095,88.351629533,73.9954786862,72.6435620724,73.8607087482
