{"hvac": {"Monthly": {"1": {"accuracy": 85.191188968203122, "f": ["aggregate_5", "aggregate_7", "aggregate_9", "aggregate_12", "aggregate_2", "aggregate_8", "aggregate_11"]}, "2": {"accuracy": 86.297915583636254, "f": ["aggregate_7", "aggregate_9", "aggregate_12", "aggregate_5"]}, "3": {"accuracy": 86.66872648187821, "f": ["aggregate_7", "aggregate_4", "aggregate_3", "aggregate_5", "aggregate_2", "ratio_min_max", "aggregate_9"]}, "4": {"accuracy": 86.573933245609808, "f": ["aggregate_7", "aggregate_2"]}, "5": {"accuracy": 86.897344543976928, "f": ["aggregate_7", "aggregate_12", "aggregate_5", "aggregate_11", "difference_min_max"]}, "6": {"accuracy": 86.333350061508227, "f": ["aggregate_7", "aggregate_11", "aggregate_4"]}}, "Static": {"1": {"accuracy": 74.03469543170408, "f": ["area"]}, "2": {"accuracy": 79.470489867846354, "f": ["area"]}, "3": {"accuracy": 79.673245292673371, "f": ["area"]}, "4": {"accuracy": 78.123908089718881, "f": ["area", "num_rooms"]}, "5": {"accuracy": 80.131505684598494, "f": ["area"]}, "6": {"accuracy": 79.837789298488033, "f": ["area"]}}}, "light": {"Monthly": {"1": {"accuracy": 42.071837978700422, "f": ["ratio_min_max", "aggregate_6", "ratio_difference_min_max"]}, "2": {"accuracy": 48.453960116247458, "f": ["difference_min_max", "aggregate_8", "aggregate_4"]}, "3": {"accuracy": 46.585942679386228, "f": ["difference_min_max", "aggregate_6", "aggregate_2", "aggregate_10", "aggregate_7", "aggregate_4"]}, "4": {"accuracy": 46.721773406418897, "f": ["aggregate_1", "aggregate_10"]}, "5": {"accuracy": 45.259089857854001, "f": ["aggregate_2"]}, "6": {"accuracy": 46.079961089765334, "f": ["aggregate_1"]}}, "Static": {"1": {"accuracy": 39.932018256769545, "f": ["area", "total_occupants", "num_rooms"]}, "2": {"accuracy": 50.152097704886579, "f": ["area"]}, "3": {"accuracy": 50.292749965368472, "f": ["area"]}, "4": {"accuracy": 48.394258916559103, "f": ["area"]}, "5": {"accuracy": 53.33428966785155, "f": ["area"]}, "6": {"accuracy": 52.779793066529699, "f": ["area"]}}}, "wm": {"Monthly": {"1": {"accuracy": 71.2453545265938, "f": ["aggregate_11", "aggregate_10", "aggregate_2", "aggregate_1", "difference_min_max"]}, "2": {"accuracy": 68.89737987076704, "f": ["aggregate_11", "aggregate_4"]}, "3": {"accuracy": 71.517433083693675, "f": ["aggregate_11", "aggregate_7", "aggregate_1"]}, "4": {"accuracy": 68.537581519448779, "f": ["aggregate_7"]}, "5": {"accuracy": 69.068291494276238, "f": ["aggregate_11", "aggregate_9", "aggregate_7", "aggregate_8"]}, "6": {"accuracy": 68.757662313750032, "f": ["aggregate_8", "aggregate_7", "aggregate_1"]}}, "Static": {"1": {"accuracy": 63.096486067375004, "f": ["area", "total_occupants"]}, "2": {"accuracy": 62.193246956413162, "f": ["area"]}, "3": {"accuracy": 63.260992904628608, "f": ["area", "num_rooms", "total_occupants"]}, "4": {"accuracy": 64.664917808893946, "f": ["total_occupants"]}, "5": {"accuracy": 67.968669882357219, "f": ["area"]}, "6": {"accuracy": 68.438300315482834, "f": ["area"]}}}, "fridge": {"Monthly": {"1": {"accuracy": 83.914798365924256, "f": ["aggregate_1", "aggregate_12"]}, "2": {"accuracy": 84.419130551074844, "f": ["aggregate_1", "ratio_min_max", "aggregate_4", "aggregate_2"]}, "3": {"accuracy": 85.636378305819861, "f": ["ratio_min_max", "aggregate_3", "ratio_difference_min_max"]}, "4": {"accuracy": 84.152029616580137, "f": ["ratio_min_max", "aggregate_3", "ratio_difference_min_max"]}, "5": {"accuracy": 80.12553337865512, "f": ["aggregate_7", "aggregate_3", "aggregate_6"]}, "6": {"accuracy": 78.419039568942893, "f": ["aggregate_8", "aggregate_5", "aggregate_10", "aggregate_2"]}}, "Static": {"1": {"accuracy": 82.489947284944904, "f": ["total_occupants", "area", "num_rooms"]}, "2": {"accuracy": 78.991660535102952, "f": ["total_occupants", "area", "num_rooms"]}, "3": {"accuracy": 80.517215888792109, "f": ["total_occupants"]}, "4": {"accuracy": 81.467342570178388, "f": ["total_occupants"]}, "5": {"accuracy": 81.167594240921986, "f": ["total_occupants"]}, "6": {"accuracy": 81.319404041066903, "f": ["total_occupants"]}}}, "dw": {"Monthly": {"1": {"accuracy": 41.953582460607649, "f": ["aggregate_6", "aggregate_2", "aggregate_1", "aggregate_3", "aggregate_12", "aggregate_5", "aggregate_11"]}, "2": {"accuracy": 42.195100687652193, "f": ["aggregate_12", "aggregate_11", "aggregate_5", "aggregate_1", "aggregate_2"]}, "3": {"accuracy": 45.081132827064778, "f": ["aggregate_8", "aggregate_6", "aggregate_5"]}, "4": {"accuracy": 46.25473920631466, "f": ["aggregate_12", "aggregate_1"]}, "5": {"accuracy": 46.013588513502761, "f": ["aggregate_10"]}, "6": {"accuracy": 44.018599069688953, "f": ["aggregate_6"]}}, "Static": {"1": {"accuracy": 28.295487089138941, "f": ["area", "total_occupants"]}, "2": {"accuracy": 34.082161260084284, "f": ["num_rooms"]}, "3": {"accuracy": 35.535542561030816, "f": ["area", "total_occupants"]}, "4": {"accuracy": 39.005799202843619, "f": ["total_occupants", "area"]}, "5": {"accuracy": 40.064074209295853, "f": ["area", "total_occupants"]}, "6": {"accuracy": 40.148081318003442, "f": ["area", "total_occupants"]}}}, "dr": {"Monthly": {"1": {"accuracy": 47.169700666139825, "f": ["aggregate_1", "aggregate_8", "aggregate_9", "difference_min_max", "aggregate_3", "aggregate_11", "aggregate_4"]}, "2": {"accuracy": 44.803457907760418, "f": ["aggregate_12", "aggregate_1"]}, "3": {"accuracy": 47.124797102654469, "f": ["aggregate_5", "aggregate_1", "aggregate_2"]}, "4": {"accuracy": 47.962444724143445, "f": ["aggregate_10"]}, "5": {"accuracy": 48.796848315800638, "f": ["aggregate_10"]}, "6": {"accuracy": 49.410353080709058, "f": ["aggregate_10"]}}, "Static": {"1": {"accuracy": 29.253886207107204, "f": ["num_rooms", "total_occupants"]}, "2": {"accuracy": 43.357982747251299, "f": ["num_rooms"]}, "3": {"accuracy": 48.085273200355495, "f": ["total_occupants"]}, "4": {"accuracy": 47.726458329754053, "f": ["total_occupants", "num_rooms"]}, "5": {"accuracy": 47.526288621555885, "f": ["num_rooms"]}, "6": {"accuracy": 47.88263688053113, "f": ["num_rooms"]}}}}