,hvac,fridge,wm,inferred mains,mains
2014-07-31,104.877108525,10.777744355,0.22059673825,115.875449619,351.059044
