,hvac,fridge,wm,inferred mains,mains
2015-01-31,307.071337781,41.5726137723,0.0173166846529,348.661268238,348.791516
