,hvac,fridge,wm,inferred mains,mains
2014-07-31,198.292145586,47.5683381946,3.25817000108,249.118653781,260.112886
