,hvac,fridge,wm,inferred mains,mains
2015-01-31,243.330729377,32.2582286319,0.594908218357,276.183866227,392.883906
