,hvac,fridge,wm,inferred mains,mains
2014-07-31,22.0912211113,6.98422841602,0.320236833095,29.3956863604,29.19427
