,hvac,fridge,wm,inferred mains,mains
2015-01-31,100.388759964,19.0887875548,0.80323862391,120.280786142,130.388929
