,hvac,fridge,wm,inferred mains,mains
2014-09-30,239.248720302,41.359367475,1.92716020248,282.53524798,294.624093
