,hvac,fridge,wm,inferred mains,mains
2014-07-31,545.365524137,56.1885840282,2.57181963715,604.125927803,1341.959005
