,hvac,fridge,wm,inferred mains,mains
2014-07-31,178.586371821,18.9480724625,1.24184397617,198.77628826,420.47052
