,hvac,fridge,wm,inferred mains,mains
2015-01-31,182.405614369,47.5652110528,0.00437183104342,229.975197253,249.417642
