,hvac,fridge,wm,inferred mains,mains
2015-01-31,92.6874060239,10.746327455,0.447880763073,103.881614242,223.586924
