,hvac,fridge,wm,inferred mains,mains
2015-01-31,13.361244158,3.20343839419,0.000149171490798,16.5648317237,16.564851
