,hvac,fridge,wm,inferred mains,mains
2015-01-31,382.323347187,45.6138058622,1.79162325741,429.728776306,846.525081
