,hvac,fridge,wm,inferred mains,mains
2015-01-31,114.066323243,15.1566873612,1.18886939297,130.411879997,180.151567
