,hvac,fridge,wm,inferred mains,mains
2014-07-31,252.252730716,45.4514124369,0.878460550424,298.582603703,324.029707
