,hvac,fridge,wm,inferred mains,mains
2014-09-30,398.884327188,43.1127732992,5.63129993971,447.628400427,732.312485
