,hvac,fridge,wm,inferred mains,mains
2015-01-31,199.172360568,29.7304687818,0.00111132425213,228.903940674,231.313135
