,hvac,fridge,wm,inferred mains,mains
2015-01-31,450.841455457,51.7917316665,0.858143264763,503.491330389,755.354098
