,hvac,fridge,wm,inferred mains,mains
2014-07-31,244.595858373,48.8122199094,0.176980043033,293.585058326,295.206292
