,hvac,fridge,wm,inferred mains,mains
2015-01-31,191.010414657,40.6821320374,0.00858961354988,231.701136308,234.595444
