,hvac,fridge,wm,inferred mains,mains
2015-01-31,62.8525507856,7.23419563734,0.454829763307,70.5415761863,202.419034
