,hvac,fridge,wm,inferred mains,mains
2014-07-31,318.671088425,36.0708620527,0.000788321098639,354.742738799,1194.183513
