,hvac,fridge,dw,dr,wm,light,inferred mains,mains
2014-07-31,110.554494635,11.4386949435,0.236318459929,37.0798111648,7.88326225949e-05,8.30417462049e-06,159.30940634,351.059044
