,hvac,fridge,dw,dr,wm,light,inferred mains,mains
2015-05-31,24.5496452217,3.31219971372,0.000307581093941,2.15663629076,0.000246252162654,3.5184875402e-06,30.0190385779,30.019076
