,hvac,fridge,dw,dr,wm,light,inferred mains,mains
2014-09-30,234.803466549,24.519937241,6.18183845151,85.0185371272,1.36856256027,1.92888042146e-05,351.892361218,511.404693
