,hvac,fridge,dw,dr,wm,light,inferred mains,mains
2014-09-30,358.16186262,37.8200223057,8.66179586233,123.6103189,1.06939685283,2.68802495411e-05,529.323423421,908.931724
