,hvac,fridge,dw,dr,wm,light,inferred mains,mains
2014-07-31,109.484427333,11.3429294582,1.38740372758,37.6237662796,0.000977510690091,8.2825236659e-06,159.839512591,307.205198
