,hvac,fridge,dw,dr,wm,light,inferred mains,mains
2014-07-31,535.440240316,56.066392333,10.9466481152,190.684077423,0.164154942949,2.82935174976e-05,793.301541423,2144.16593883
