,hvac,fridge,dw,dr,wm,light,inferred mains,mains
2014-07-31,37.0688930125,3.81696867811,1.62769783741,13.1635144711,8.52181380194e-05,3.61343139933e-06,55.6771628307,89.32956
