,hvac,fridge,dw,dr,wm,light,inferred mains,mains
2014-09-30,53.490439726,7.03413539951,0.541769463592,10.741629684,0.332065697556,0.65275770283,72.7927976734,73.139542
