,hvac,fridge,dw,dr,wm,light,inferred mains,mains
2014-07-31,318.871681157,36.1752024271,0.00103567172833,115.487722585,0.000590696846752,9.4707551172,480.006987655,5521.328714
