,hvac,fridge,dw,dr,wm,light,inferred mains,mains
2014-07-31,175.942817693,50.2074841044,1.15396076007,32.7899214143,0.0104229655644,6.09916084656e-05,260.104667929,260.112886
