,hvac,fridge,dw,dr,wm,light,inferred mains,mains
2014-09-30,199.485247676,33.5055238344,1.64489689036,70.8702826907,0.284325926815,4.45309845647e-05,305.790321549,320.37044
