,hvac,fridge,dw,dr,wm,light,inferred mains,mains
2014-07-31,11.5176472169,7.40638338605,0.762739252215,8.38100314793,0.236669810007,0.209292752136,28.5137355653,29.19427
