,hvac,fridge,dw,dr,wm,light,inferred mains,mains
2014-09-30,143.523249177,43.8180039562,1.61421704261,79.859866749,0.988615256502,0.575544603496,270.379496784,276.480248
