,hvac,fridge,dw,dr,wm,light,inferred mains,mains
2014-09-30,157.055009609,45.4883883111,1.61516422931,82.7999933495,0.989168430707,0.575547124691,288.523271054,294.624093
