,hvac,fridge,dw,dr,wm,light,inferred mains,mains
2014-09-30,64.6181047091,9.14282793936,0.99438990669,27.2304182627,0.0914310773259,0.0926615433115,102.169833439,141.112444
