,hvac,fridge,dw,dr,wm,light,inferred mains,mains
2014-07-31,555.199324418,58.4018471987,10.5232675307,194.536027301,0.642037806478,4.58312320847e-05,819.302550086,1341.959005
