,hvac,fridge,dw,dr,wm,light,inferred mains,mains
2014-07-31,107.334614733,19.2587496259,1.92226686448,63.5479661435,0.555587321054,1.41766768943,194.036852377,420.47052
