,hvac,fridge,dw,dr,wm,light,inferred mains,mains
2014-09-30,210.572625665,22.0971626518,4.78587127568,76.1647257734,0.273270302021,1.57000611989e-05,313.893671368,663.994789
