,hvac,fridge,dw,dr,wm,light,inferred mains,mains
2014-09-30,202.139996588,22.2046967054,2.71299379838,73.5503905156,0.541135416976,0.0289911446701,301.178204169,452.118281
