,hvac,fridge,dw,dr,wm,light,inferred mains,mains
2014-09-30,0.00172727827813,12.2755015522,1.31313039445,17.8605630354,0.00351060953344,2.08647104811e-05,31.4544537346,37.382898
