,hvac,fridge,dw,dr,wm,light,inferred mains,mains
2014-09-30,338.162471878,35.7016959179,9.61426574719,116.020974396,0.903676643377,2.63148468968e-05,500.403110897,1674.38066
