,hvac,fridge,dw,dr,wm,light,inferred mains,mains
2014-07-31,26.0233656595,49.1697366716,1.52194852548,117.192010948,0.293112083978,0.412901953194,194.613075842,324.029707
