,hvac,fridge,dw,dr,wm,light,inferred mains,mains
2014-09-30,377.206547994,44.7162737421,4.97541921114,140.599750567,0.855092358732,0.72203427661,569.075118149,732.312485
