,hvac,fridge,dw,dr,wm,light,inferred mains,mains
2014-09-30,361.534141392,42.9056686521,4.97305566503,134.807972787,0.853563806075,0.72203154502,545.796433847,704.906734
