,hvac,fridge,dw,dr,wm,light,inferred mains,mains
2014-09-30,520.325547042,54.7024802265,9.83808204632,180.714651028,0.82768990296,4.63007154624e-05,766.408496546,1319.446619
