,hvac,fridge,dw,dr,wm,light,inferred mains,mains
2014-09-30,415.775249141,46.507696806,5.71165084554,146.859486553,0.352719976899,4.10266241468e-05,615.206844349,847.176385
