,hvac,fridge,dw,dr,wm,light,inferred mains,mains
2014-07-31,150.591948433,53.6217889875,0.0173895437288,82.4218888191,0.0117759551908,6.86880892576e-05,286.664860426,295.206292
