,hvac,fridge,dw,dr,wm,light,inferred mains,mains
2014-07-31,336.82109822,36.485595145,3.9423800998,122.219507322,0.0916169068785,3.1572966865,502.71749438,1194.183513
