,hvac,fridge,dw,dr,wm,light,inferred mains,mains
2014-09-30,0.00874682665827,10.7850047209,0.406449655574,22.0219931503,0.00373207095445,1.29758979083e-05,33.2259394003,47.093638
