,hvac,fridge,dw,dr,wm,light,inferred mains,mains
2014-09-30,242.272947102,44.9920816126,0.195672718253,77.3007239165,0.0143444818078,5.93665331423e-05,364.775829197,373.074554
