{
	"hvac": {
		"induced density of duration": [100.8243924,29.30367946],
		"induced density of sac": [65249.83805,18341.26775],
		"numberOfCyclesStats": {
			"numberOfCycles": [0,1,2,3,4,5,6,7,8,9,10,11,12,13,14,15],
			"numberOfCyclesDuration": [0,144.1093474,97.5862069,105.0679012,98.46341463,97.0259366,102.2486772,99.82211538,103.5903614,99.29815303,103.9620596,106.1450151,108.1022364,117.5815603,115.719457,114.4678363],
			"numberOfCyclesEnergy": [0,87252.35143,60986.71803,65826.68412,65245.49304,68298.17163,72244.65311,69392.76485,72708.87156,65322.4486,67292.15076,65706.79556,67545.61915,74074.68403,71181.12331,70918.87968],
			"numberOfCyclesProb": [0.0730377907,0.1030159884,0.04742005814,0.05886627907,0.05959302326,0.06304505814,0.06867732558,0.07558139535,0.0753997093,0.06885901163,0.06704215116,0.0601380814,0.05686773256,0.05123546512,0.04015261628,0.03106831395]
		},
		"means": [
			[0],
			[2308.800049],
			[704.7333374]
		],
		"startprob": [
			[0.6302580836],
			[0.1198242616],
			[0.2499176548]
		],
		"transprob": [
			[0.8181691202,0.1357563822,0.3973648677],
			[0.0268510784,0.6004908805,0.1209195818],
			[0.1549798014,0.2637527373,0.4817155505]
		],
		"numberOfStates": 3
	},
	"light": {
		"induced density of duration": [51.2367033,54.00902617],
		"induced density of sac": [2870.58864,3211.910637],
		"numberOfCyclesStats": {
			"numberOfCycles": [0,1,2,3,4,5,6,7,8,9,10,11,12,13,14,15],
			"numberOfCyclesDuration": [0,183.2327586,100.8089888,89.57692308,79.72413793,78.66666667,65.77777778,57,94,71,0,0,0,0,0,0],
			"numberOfCyclesEnergy": [0,11073.37521,6444.468902,5779.397851,4983.61417,4048.732544,3197.304516,2462.484229,3955.814113,3984.226703,0,0,0,0,0,0],
			"numberOfCyclesProb": [0.02907801418,0.8226950355,0.06312056738,0.03687943262,0.02056737589,0.01489361702,0.006382978723,0.004255319149,0.0007092198582,0.001418439716,0,0,0,0,0,0]
		},
		"means": [
			[0],
			[137],
			[363.3333435]
		],
		"startprob": [
			[0.7327543022],
			[0.2298812471],
			[0.03736445073]
		],
		"transprob": [
			[0.9562326814,0.131907019,0.05951667665],
			[0.0406410816,0.8312771898,0.2310764929],
			[0.003126237046,0.03681579118,0.7094068304]
		],
		"numberOfStates": 3
	},
	"wm": {
		"induced density of duration": [36.62722361,30.69019003],
		"induced density of sac": [1047.666154,640.6644425],
		"numberOfCyclesStats": {
			"numberOfCycles": [0,1,2,3,4,5,6,7,8],
			"numberOfCyclesDuration": [0,63.00727802,21.99090909,29.25,34.28571429,35.77777778,47.33333333,0,98],
			"numberOfCyclesEnergy": [0,1071.042676,1136.627923,1350.526533,1824.440502,1324.372482,1597.55327,0,1124.432003],
			"numberOfCyclesProb": [0.4100174723,0.4001164822,0.1281304601,0.04193360513,0.01223063483,0.005241700641,0.001747233547,0,0.0005824111823]
		},
		"means": [
			[0],
			[340.3333435],
			[73.66666412]
		],
		"startprob": [
			[0.9724446709],
			[0.005993981751],
			[0.02156134731]
		],
		"transprob": [
			[0.9914450167,0.2653688525,0.3118249005],
			[0.002086735048,0.368852459,0.08072768619],
			[0.006468248214,0.3657786885,0.6074474133]
		],
		"numberOfStates": 3
	},
	"fridge": {
		"induced density of duration": [151.0038488,18.72575159],
		"induced density of sac": [7008.148882,858.7740938],
		"numberOfCyclesStats": {
			"numberOfCycles": [5,6,7,8,9,10,11,12,13,14,15],
			"numberOfCyclesDuration": [182.1578947,178.9387755,167.5294118,160.3050847,148.9032258,146.8,133.509434,127.3176471,133.7288136,142.5490196,139.3030303],
			"numberOfCyclesEnergy": [8659.792725,8217.456681,7629.769342,7289.051068,6864.080755,6795.877568,6559.599622,6394.693669,6323.904681,6515.684065,5839.727522],
			"numberOfCyclesProb": [0.06270627063,0.08085808581,0.05610561056,0.09735973597,0.102310231,0.08250825083,0.08745874587,0.1402640264,0.09735973597,0.08415841584,0.1089108911]
		},
		"means": [
			[0],
			[114],
			[192]
		],
		"startprob": [
			[0.4583382445],
			[0.4842497643],
			[0.0574119912]
		],
		"transprob": [
			[0.6072806667,0.3676789031,0.04525357607],
			[0.3861044758,0.5904803933,0.3640225401],
			[0.006614857489,0.04184070361,0.5907238838]
		],
		"numberOfStates": 3
	},
	"dw": {
		"induced density of duration": [24.85278709,24.01278836],
		"induced density of sac": [1722.013519,1530.362499],
		"numberOfCyclesStats": {
			"numberOfCycles": [0,1,2,3,4,5],
			"numberOfCyclesDuration": [0,48.71867612,41.35042735,49.04761905,0,10],
			"numberOfCyclesEnergy": [0,3231.841154,3127.147342,2818.847345,0,1154.245272],
			"numberOfCyclesProb": [0.6249047982,0.3221629855,0.04455445545,0.007996953542,0,0.0003808073115]
		},
		"means": [
			[0],
			[982],
			[281.9333191]
		],
		"startprob": [
			[0.9878617669],
			[0.004660922823],
			[0.007477310231]
		],
		"transprob": [
			[0.9957758138,0.313304721,0.3636850562],
			[0.001830074907,0.2875536481,0.2003213712],
			[0.002394111298,0.3991416309,0.4359935726]
		],
		"numberOfStates": 3
	},
	"dr": {
		"induced density of duration": [30.28758078,17.8892655],
		"induced density of sac": [18710.74139,10768.51766],
		"numberOfCyclesStats": {
			"numberOfCycles": [0,1,2,3,4,5,6,7,8,9],
			"numberOfCyclesDuration": [0,7.920792079,17.86759582,24.65088757,27.91208791,34.28,44.44444444,53.8,48,44],
			"numberOfCyclesEnergy": [0,7532.599816,13963.9131,17008.87252,17572.66786,21886.78836,26747.05858,40041.58451,21030.23032,21323.69887],
			"numberOfCyclesProb": [0.6494430693,0.15625,0.08879950495,0.05228960396,0.02815594059,0.01547029703,0.005569306931,0.003094059406,0.0003094059406,0.0006188118812]
		},
		"means": [
			[0],
			[1003.799988],
			[3093.600098]
		],
		"startprob": [
			[0.9837078434],
			[0.01094845813],
			[0.005343698432]
		],
		"transprob": [
			[0.9945209017,0.4407992842,0.1122699387],
			[0.003784054003,0.4512376976,0.4239263804],
			[0.001695044313,0.1079630182,0.463803681]
		],
		"numberOfStates": 3
	}
}
