Random seed,5,6,7,8,9,10
10,48.5456405713,45.3920067315,57.8186308737,69.3745846615,71.7146035439,68.3729598425
