Random seed,5,6,7,8,9,10
86,64.0006222436,59.2269587766,71.6849503621,78.3649675681,73.3248895499,77.7154448477
