Random seed,5,6,7,8,9,10
80,68.0368226508,73.6563644029,66.2875781283,71.6404881035,67.8312158214,65.9106264623
