Random seed,5,6,7,8,9,10
80,70.4054215228,62.9365913111,66.3566191857,62.8237353901,61.9537907808,68.2356537708
