Random seed,5,6,7,8,9,10
69,50.4066938877,56.2938736399,64.734597042,51.8284457828,56.6447163639,23.9723291232
