Random seed,5,6,7,8,9,10
18,63.5906942392,93.013224625,90.6953758387,93.2706024466,89.8336116995,82.5686627167
