Random seed,5,6,7,8,9,10
24,65.4312754762,77.7910781906,86.9555237542,88.9307068581,85.5031638263,87.5829752751
