Random seed,5,6,7,8,9,10
90,68.0314251174,76.7962489481,79.0887673628,80.6524092631,75.713323116,47.5694743181
