Random seed,5,6,7,8,9,10
64,65.4453160229,79.373372282,67.968047451,69.7927434419,63.8383289509,65.3026939834
