Random seed,5,6,7,8,9,10
57,77.1428758195,84.4456508692,84.0393993314,89.5590204679,90.2247235946,85.6209829013
