Random seed,5,6,7,8,9,10
60,37.7538489957,60.3988798834,78.7036724305,78.1073656821,68.4531964661,16.4885581279
