Random seed,5,6,7,8,9,10
24,67.0204557785,80.5278304629,80.9935314502,85.262933847,83.1719903677,86.636558035
