Random seed,5,6,7,8,9,10
42,66.707694555,67.8199117009,82.3680657567,75.1717890876,72.5544871005,51.97901594
