Random seed,5,6,7,8,9,10
22,55.2381717268,70.1291043069,86.8242606437,89.3320997996,78.2404699794,50.9191722723
