Random seed,5,6,7,8,9,10
54,77.5734335542,55.2755405929,81.9407480929,79.9862201576,79.6318975495,81.768422932
