Random seed,5,6,7,8,9,10
86,52.9759970482,73.1089532851,75.2679966687,80.9654702174,86.3873540263,83.7878190992
