Random seed,5,6,7,8,9,10
20,64.7449660212,59.4931370126,65.7394643782,55.1106403837,63.5362681426,43.4390199283
