Random seed,5,6,7,8,9,10
4,85.5532805718,67.5368902239,80.7409766576,80.8179464665,89.2516392844,85.5923781614
