Random seed,5,6,7,8,9,10
50,68.8655588112,77.1933392153,69.8332635761,76.5428142663,78.2439704827,75.5317743195
