Random seed,5,6,7,8,9,10
32,64.4826271289,76.5621778544,48.6826002344,69.1951486759,76.1304537703,59.732741673
