Random seed,5,6,7,8,9,10
99,58.4504755953,52.5540295305,58.9135299962,55.0271149768,54.6267389861,39.2840998125
