Random seed,5,6,7,8,9,10
94,60.365097858,55.316426614,62.2389774726,48.9681805877,57.6329113106,44.4845254968
