Random seed,5,6,7,8,9,10
93,86.0618848165,58.6352178394,84.2911202794,85.1373678331,75.9109003992,42.043451888
