Random seed,5,6,7,8,9,10
77,82.7979337285,85.7898765585,83.0149967302,82.6833455871,72.4634814747,68.7424381665
