Random seed,5,6,7,8,9,10
22,52.4826341741,52.0855918348,92.2886909895,86.9940835592,81.2886459745,59.3830872852
