Random seed,5,6,7,8,9,10
32,72.2683395138,81.5962530046,57.4513130367,84.0547944077,87.7135063511,86.620847246
