Random seed,5,6,7,8,9,10
89,69.1120452074,80.7311179192,87.5349805162,86.4778613383,87.4780241664,87.429169249
