Random seed,5,6,7,8,9,10
74,80.2770567747,82.7779588373,79.9112936065,78.586410449,84.6181160715,73.2539130042
