Random seed,5,6,7,8,9,10
55,54.4377779224,80.5024295149,77.0934379577,77.5094958904,73.4065238508,44.1208566787
