Random seed,5,6,7,8,9,10
22,51.8760210402,60.8216559701,88.7982154604,86.3217276779,75.2389109199,58.5127555929
