Random seed,5,6,7,8,9,10
68,52.8489281301,71.6122266735,61.8574202034,75.784541306,83.217683513,57.4966975521
