Random seed,5,6,7,8,9,10
75,81.8719658998,70.3529499437,86.9017295109,67.9187351868,71.6402119734,59.4049240987
