Random seed,5,6,7,8,9,10
40,18.4785038308,37.9316282732,35.4860318149,26.4138498171,38.1210687979,25.6619500656
