Random seed,5,6,7,8,9,10
95,67.4782585789,51.6860833332,80.7422200101,67.7794785798,73.9457986133,74.3300764042
