Random seed,5,6,7,8,9,10
67,60.6107281894,71.9376375737,64.8269111435,76.5653644324,76.2660512184,71.8393271602
