Random seed,5,6,7,8,9,10
70,83.5612107085,77.3077116298,78.3731290145,77.42016135,83.4277607325,70.2312181502
