Random seed,5,6,7,8,9,10
98,80.3879593055,78.8775465623,95.0314045047,79.0510211729,77.3894963614,79.6730615455
