Random seed,5,6,7,8,9,10
41,58.4452139759,56.886099242,67.6615324043,77.2622728999,75.3640920867,51.6344952427
