Random seed,5,6,7,8,9,10
62,80.7258945612,74.7385044801,82.1513266436,83.7968276039,70.3962315859,30.7627093388
