Random seed,5,6,7,8,9,10
95,71.9844070422,76.7299871891,75.12691191,80.0168687344,73.3814525541,74.8524940785
