Random seed,5,6,7,8,9,10
56,64.385837091,75.9694290885,84.36282424,85.9373162792,88.0035725889,48.2507221321
