Random seed,5,6,7,8,9,10
21,87.1344767169,90.7203171633,92.8880546766,85.9630210107,85.138545606,71.3018205034
