Random seed,5,6,7,8,9,10
26,47.7808370816,65.2322305969,87.054580419,81.6282241786,74.7966951182,49.9589015937
