Random seed,5,6,7,8,9,10
31,23.7177185072,44.736480712,54.708959731,51.0443831011,39.592720628,19.7210664932
