Random seed,5,6,7,8,9,10
89,60.734009363,76.1939366774,67.7227401602,73.0910721419,73.4436457048,51.4953562081
