Random seed,5,6,7,8,9,10
28,57.7585772483,45.1919149169,62.9444703908,75.5516145661,75.8270074358,57.7606789604
