Random seed,5,6,7,8,9,10
8,73.1581538553,58.5251713479,84.963961014,82.3720074279,80.4231104764,80.2336301068
