Random seed,5,6,7,8,9,10
33,77.1108567398,54.834157187,81.3627902754,76.047322932,81.3051733843,75.7630041543
