Random seed,5,6,7,8,9,10
97,86.7465395815,82.3174303893,79.5202358068,79.74685497,91.5437335878,85.0581972434
