Random seed,5,6,7,8,9,10
77,83.6334011803,80.0038987681,80.3270903735,75.7425862827,73.6622466731,70.3252142368
