Random seed,5,6,7,8,9,10
82,78.4352271302,76.2647394124,81.7916270862,82.7729724002,81.8495601664,88.8083497084
