Random seed,5,6,7,8,9,10
33,72.3644222155,58.9032791158,87.1106996614,77.9234950009,68.814136906,50.9535237878
