Random seed,5,6,7,8,9,10
91,60.0861994443,77.112307567,87.4466220596,86.7897895268,79.4634621216,59.5739354668
