Random seed,5,6,7,8,9,10
47,62.3534400566,65.0391625253,84.4679425922,88.0680260068,87.7035617507,53.1676597604
