Random seed,5,6,7,8,9,10
41,63.253288744,35.5846953728,60.235315032,64.1160951225,63.6922295815,56.1351124161
