Random seed,5,6,7,8,9,10
68,68.1644288065,79.0453760274,80.7309374779,80.6601502493,72.629144784,67.7059460803
