Random seed,5,6,7,8,9,10
63,75.4404902981,85.125752765,88.5609214033,86.2689858522,83.148561645,70.210167288
