Random seed,5,6,7,8,9,10
58,55.7109832539,73.7142644931,87.6321970138,82.7120458751,72.9182559349,76.7065242153
