Random seed,5,6,7,8,9,10
9,63.4477444571,76.9690243985,84.3267756019,79.1857532374,81.3766807179,59.8266003907
