Random seed,5,6,7,8,9,10
81,69.2318118754,69.9083425048,94.7961243714,90.9015284688,89.1140258306,60.9191011372
