Random seed,5,6,7,8,9,10
80,72.4772601618,70.8739121834,71.8824887162,70.4364966599,64.088775657,65.0967396258
