Random seed,5,6,7,8,9,10
72,75.9469731269,76.673696063,73.4141033959,77.5470900429,69.4598815425,45.5696383271
