Random seed,5,6,7,8,9,10
23,33.6767943222,47.3420496613,56.6708201923,50.6281273189,46.9290412301,38.052974024
