Random seed,5,6,7,8,9,10
30,67.8604374066,94.4859053094,94.262230968,88.5369600117,79.1618522342,64.0499405297
