Random seed,5,6,7,8,9,10
31,29.773232238,25.1059015549,28.7478876203,37.5316769228,35.1261721876,15.0292559129
