Random seed,5,6,7,8,9,10
45,84.49183946,65.9594466254,92.9073920709,82.4542324076,84.6977357411,82.0643501611
