Random seed,5,6,7,8,9,10
84,53.5295844777,63.6927824298,81.9240011202,82.7971719179,80.5813023313,38.6710106017
