Random seed,5,6,7,8,9,10
60,31.2987885136,45.8319505893,73.007819124,73.5006943169,79.4637629146,49.0410883617
