Random seed,5,6,7,8,9,10
9,51.5143435355,62.2422486313,59.1932906191,53.2996768587,65.6203453842,50.7422293126
