Random seed,5,6,7,8,9,10
41,58.3123461597,57.3851279807,65.7840434365,73.5546677037,71.5383998024,70.6197053103
