Random seed,5,6,7,8,9,10
58,43.2679230818,78.3489375804,72.2232757424,67.6166779079,69.1359451895,46.8505281192
