Random seed,5,6,7,8,9,10
84,56.9128787683,64.5616480823,77.3359644109,83.0402387412,83.143288286,57.6721052769
