Random seed,5,6,7,8,9,10
15,56.2306575629,81.9675340178,74.3913267607,83.622494527,86.2542344682,53.9629826809
