Random seed,5,6,7,8,9,10
92,50.0281136016,52.217330739,78.4645109462,82.7705401929,79.0819493879,55.329030744
