Random seed,5,6,7,8,9,10
7,65.1163894702,85.8310843079,87.6870579529,88.119639779,80.6282712493,75.9980743226
