Random seed,5,6,7,8,9,10
33,64.3487234679,88.4871420002,72.9744058459,69.9907444394,58.8282502064,33.4792691785
