Random seed,5,6,7,8,9,10
9,60.1456450019,60.6421194455,72.3407969945,61.2300621796,72.6919007111,56.6746781478
