Random seed,5,6,7,8,9,10
55,44.0998984308,59.3349281406,49.0412189601,50.048865457,46.7108031587,37.4163246949
