Random seed,5,6,7,8,9,10
0,66.9287691972,81.9441959078,73.1632097762,75.7101515006,59.8126586811,56.1425678565
