Random seed,5,6,7,8,9,10
96,75.9715353311,70.1893152083,85.0902308198,77.3030193468,76.7286211509,75.1800810846
