Random seed,5,6,7,8,9,10
87,71.0154606494,54.9321602618,83.3326593844,82.0377401111,76.5588741845,52.4743684473
