Random seed,5,6,7,8,9,10
14,68.2236294568,71.4337541285,87.4811026792,76.0187881945,80.5711384452,60.122144854
