Random seed,5,6,7,8,9,10
53,47.5291777888,57.1034393783,85.9192589698,88.1026485799,85.9535943967,56.5567480824
