Random seed,5,6,7,8,9,10
47,82.7980579543,71.1585351215,88.6001201656,81.3910177078,85.587631089,69.213496948
