Random seed,5,6,7,8,9,10
18,56.4986377466,75.063964844,75.625036431,68.6824348829,65.8593540376,49.5636276154
