Random seed,5,6,7,8,9,10
11,62.4170884726,86.720708311,75.5585630319,72.4183097661,81.8717418769,64.0066263209
