Random seed,5,6,7,8,9,10
45,80.8511884795,67.5418953353,90.2210275923,83.9763739495,86.702698616,88.2175656128
