Random seed,5,6,7,8,9,10
15,59.4791219138,61.4263664725,82.8477397066,88.2668684057,80.6089244191,47.7222373142
