Random seed,5,6,7,8,9,10
6,52.8125777393,75.0377516819,78.2662325749,78.1162066808,63.273508386,31.3075727841
