Random seed,5,6,7,8,9,10
20,61.1528846856,58.2472544419,64.5880794648,55.2896272405,64.3007996378,46.880925645
