Random seed,5,6,7,8,9,10
60,42.6063763616,48.6695423548,83.5917713286,85.2116076578,68.9987177311,25.4236642545
