Random seed,5,6,7,8,9,10
93,56.8135243136,42.5459489062,71.9541645488,63.4037633715,65.4359425204,48.6197169036
