Random seed,5,6,7,8,9,10
40,50.9290386088,64.0240344467,75.7686497876,71.3921323887,74.4656191265,54.0875564788
