Random seed,5,6,7,8,9,10
57,77.9577073768,78.4902204244,85.9167784159,80.2403187145,85.0256102367,75.3946293038
