Random seed,5,6,7,8,9,10
2,77.8762033765,72.7564653499,55.884965625,67.1381267169,73.1693743351,78.5734585932
