Random seed,5,6,7,8,9,10
81,68.4454149848,80.5650542413,90.2641402419,87.4559610697,85.8398557506,67.6644395324
