Random seed,5,6,7,8,9,10
34,55.8330284823,94.9985618256,88.0248246465,86.7332837757,90.7301354237,57.7487265996
