Random seed,5,6,7,8,9,10
23,63.863159805,66.2981865184,72.6187137513,71.4134356551,68.2299024199,69.8194865206
