Random seed,5,6,7,8,9,10
57,81.9140221681,80.2667365081,83.0009226678,82.1306063223,84.894989647,81.5291733362
