Random seed,5,6,7,8,9,10
96,67.5112013025,85.2153702583,87.4372748612,83.5673805479,75.1640107621,64.8977317661
