Random seed,5,6,7,8,9,10
46,53.1560411302,37.1311358155,63.262431186,59.7254994738,66.775337695,52.9126943157
