Random seed,5,6,7,8,9,10
61,74.791640629,70.3944615371,75.4489271566,85.939323011,76.5604737226,48.2863497733
