Random seed,5,6,7,8,9,10
39,75.7471005341,91.8174469967,83.1456421181,95.4343019029,89.8597601283,82.0943302174
