Random seed,5,6,7,8,9,10
30,83.5717206063,78.7169947734,87.793398126,84.9413517085,84.3661848253,70.0930420075
