Random seed,5,6,7,8,9,10
77,70.9904601386,86.7256404131,89.584112356,90.3367050892,73.6940647789,51.04891624
