Random seed,5,6,7,8,9,10
80,53.1481981781,72.7044158466,72.444330983,72.959955353,64.029429751,61.1754777673
