Random seed,5,6,7,8,9,10
57,79.4988841135,74.3666181495,87.5867140986,84.4529687924,85.3644243659,73.1935354577
