Random seed,5,6,7,8,9,10
95,41.9282674118,35.285960284,72.8732093197,53.8540482687,64.2573302225,68.0531053521
