Random seed,5,6,7,8,9,10
54,69.6867771443,56.9324908237,80.3044421211,75.8253145825,79.040135238,72.6548202938
