Random seed,5,6,7,8,9,10
38,65.9342492257,54.5156518719,59.3590740663,88.8112388165,89.3470440067,75.9054030692
