Random seed,5,6,7,8,9,10
7,69.3432794672,82.9585695985,92.0074392835,85.3899324069,86.1400105704,84.9872445478
