Random seed,5,6,7,8,9,10
38,76.7318162918,90.3572647101,75.8193821664,91.822654565,89.4166762286,82.4768380045
