Random seed,5,6,7,8,9,10
25,59.5259454127,63.7198438032,78.4407285274,82.4563886497,72.5314770778,63.8852236027
