Random seed,5,6,7,8,9,10
81,44.7702696078,52.5533304784,80.8069325208,78.2614008271,88.3851914538,64.6391857859
