Random seed,5,6,7,8,9,10
4,76.6922608827,69.1289742435,81.0797378497,87.1344445512,90.7274610937,79.8949789017
