Random seed,5,6,7,8,9,10
97,66.4905205362,78.6057708666,74.675471333,77.6699308357,79.9713258831,71.2864633309
