Random seed,5,6,7,8,9,10
73,33.4876841516,41.3719926453,44.9702102792,50.0536861698,45.1713411327,42.1171218684
