Random seed,5,6,7,8,9,10
35,54.8409279262,63.1040433686,68.2588365182,66.7673557721,60.2671279626,59.8164006081
