Random seed,5,6,7,8,9,10
77,68.7562969992,81.2552277523,84.4645210504,85.8300849098,79.2405364822,55.7510516423
