Random seed,5,6,7,8,9,10
99,57.1907522271,60.495865291,68.5682072848,68.1682993049,65.5614122717,59.6814718771
