Random seed,5,6,7,8,9,10
38,92.5693520501,91.058825441,86.2631988811,92.5780402069,86.390028816,67.7590931559
