Random seed,5,6,7,8,9,10
89,73.3792347114,80.2267856833,74.2999373001,75.3635949581,73.3901039401,81.290361637
