Random seed,5,6,7,8,9,10
72,41.0588927544,46.8357094924,40.9263765579,37.313283554,51.5567960193,42.1965503362
