Random seed,5,6,7,8,9,10
94,64.4782505594,75.391687161,85.0830985169,72.9584674059,76.6604218915,52.1882094877
