Random seed,5,6,7,8,9,10
68,59.6266867386,70.7945884442,81.8361924659,84.0847314682,87.8250049529,73.8349406676
