Random seed,5,6,7,8,9,10
79,53.82844711,75.2755509082,69.6192811588,74.7809668947,67.3440504599,54.9405147282
