Random seed,5,6,7,8,9,10
70,69.2293857796,78.6547474972,76.3408773573,66.545773676,69.3442250485,47.8699248246
