Random seed,5,6,7,8,9,10
53,56.351479382,72.5151222754,82.2369231855,73.1713674917,80.8535003622,45.6117603849
