Random seed,5,6,7,8,9,10
79,48.6128226603,73.7746820601,66.9765243074,71.0851219509,74.5265803442,61.286802645
