Random seed,5,6,7,8,9,10
63,80.8880239421,86.9020214209,85.5358500227,80.798652835,76.316140013,68.8951350817
