Random seed,5,6,7,8,9,10
10,68.0908000084,73.9771885555,80.0149281793,71.9535912058,75.5656512101,58.9558817489
