Random seed,5,6,7,8,9,10
42,66.1350587121,60.3251470621,79.2118344811,80.801779315,74.4480987273,61.9336721229
