Random seed,5,6,7,8,9,10
45,76.7975009185,75.7008888067,93.4336763187,86.3244249263,85.1625417814,68.9739362308
