Random seed,5,6,7,8,9,10
12,41.1500095222,63.2963998823,65.5859795036,67.949874832,64.4274754313,57.0118308277
