Random seed,5,6,7,8,9,10
45,70.5277874762,67.1092467598,86.9802067641,80.810843715,88.840915128,76.6868155192
