Random seed,5,6,7,8,9,10
80,67.0409266471,65.0640639815,61.6825292163,61.4202681174,59.4740096333,59.1599792548
