Random seed,5,6,7,8,9,10
29,59.2505031221,79.8675023908,85.0178522832,80.8572074351,75.0168196365,62.0312647638
