Random seed,5,6,7,8,9,10
30,82.6757892896,71.3957188491,89.2495207033,84.9940498647,81.8360603827,77.833916105
