Random seed,5,6,7,8,9,10
49,80.2310566103,89.158851346,79.2296682834,90.3322205252,87.7826660805,74.5714345088
