Random seed,5,6,7,8,9,10
61,80.4147517071,58.6841204904,78.7586498771,82.4670897914,80.9634033717,51.9324992255
