Random seed,5,6,7,8,9,10
93,85.7386948146,54.1154551856,84.2902758788,79.8251331141,71.1556737533,51.2407410201
