Random seed,5,6,7,8,9,10
47,77.9672405469,81.6721208416,87.1788095543,85.2687459987,87.9847547778,52.8125509872
