Random seed,5,6,7,8,9,10
7,57.7717603309,73.0600729605,75.976189246,75.8180578477,72.7787506107,74.3330791945
