Random seed,5,6,7,8,9,10
94,59.920170208,54.4533629005,69.8982605117,54.9695072715,55.5663137092,36.1938058501
