Random seed,5,6,7,8,9,10
8,56.1618292283,69.4121130164,79.9471760809,77.9751905438,75.7618291554,60.991209285
