Random seed,5,6,7,8,9,10
50,75.9350876063,84.1164849604,75.7228545418,83.9847449727,79.1399480258,70.3670342393
