Random seed,5,6,7,8,9,10
85,76.3711312082,76.7276290929,74.9639974549,80.9683120848,88.7149137227,82.637055879
