Random seed,5,6,7,8,9,10
30,86.7096269857,41.6671781255,83.9916666869,87.2532446118,87.684500005,73.938521276
