Random seed,5,6,7,8,9,10
11,72.6787712079,70.4244982299,68.6544429875,75.9048747588,81.9362703584,82.1330945208
