Random seed,5,6,7,8,9,10
24,51.9625341476,62.2223913211,62.3465392624,69.0624342749,65.7245598556,72.1221426768
