Random seed,5,6,7,8,9,10
10,44.1133287468,80.878713472,69.1799563279,73.2163646758,73.2692262946,53.0355267857
