Random seed,5,6,7,8,9,10
22,67.2159758661,50.72824574,84.3163045046,64.465534958,56.836093098,46.8993247659
