Random seed,5,6,7,8,9,10
35,67.005878624,65.8403199932,76.6232984826,75.0905227626,74.3527411602,76.7537683525
