Random seed,5,6,7,8,9,10
35,53.3028571872,64.7443516715,71.2790523132,75.3128538498,71.5121387437,69.0203006544
