Random seed,5,6,7,8,9,10
14,72.4647053161,78.1892485521,93.0601604056,83.4961637813,86.7933980198,67.7667364424
