Random seed,5,6,7,8,9,10
65,67.9587319248,71.537471475,78.4299072808,77.8733646564,83.782475135,59.9849500534
