Random seed,5,6,7,8,9,10
90,84.8687303154,85.4158415814,84.8435703856,83.6887174734,77.0929594689,78.3288463907
