Random seed,5,6,7,8,9,10
38,66.4671013537,77.8575841061,59.6102303443,83.2280620542,85.3851852487,76.007722048
