Random seed,5,6,7,8,9,10
69,62.2050020799,71.2398660519,90.7042061053,86.3776293349,74.7428633002,36.5763567097
