Random seed,5,6,7,8,9,10
0,55.3169111679,65.7274676653,66.9942034012,73.8054023818,59.3356788942,60.1809682797
