Random seed,5,6,7,8,9,10
29,70.6752072934,73.1676594506,91.3109276624,83.9172688812,89.4101054923,69.6567424156
