Random seed,5,6,7,8,9,10
20,73.526503358,90.6761447014,82.3533996131,82.5941052946,72.5331198747,62.1796571343
