Random seed,5,6,7,8,9,10
3,45.2473450381,54.3823828829,76.9433803552,60.8718862651,63.6479519201,30.5387264856
