Random seed,5,6,7,8,9,10
24,65.114112654,71.5779950541,70.8693491966,82.1274222248,77.9391828547,78.680640582
