Random seed,5,6,7,8,9,10
85,54.4628195761,65.7985075375,79.7616062181,76.6808240915,66.0467855585,46.9400419799
