Random seed,5,6,7,8,9,10
8,57.1816616486,73.6145228028,80.9096574457,79.3458141761,71.4247548672,50.6332961144
