Random seed,5,6,7,8,9,10
10,70.5067891702,72.0529272063,77.4839660593,75.1356602264,77.2043317327,61.4792629479
