Random seed,5,6,7,8,9,10
92,30.4923359108,45.5167266632,66.7213099443,64.0871517053,54.9220503574,19.0864854288
