Random seed,5,6,7,8,9,10
16,19.6305527859,61.5780612784,64.7799805099,66.0180525767,50.1181266164,4.6249839673
