Random seed,5,6,7,8,9,10
19,74.0109886823,68.3394121295,74.6514814162,73.0093141071,83.9831530055,63.0967217196
