Random seed,5,6,7,8,9,10
40,68.8711860017,64.5213058635,84.456056324,81.3979925642,82.7221272504,74.6263050394
