Random seed,5,6,7,8,9,10
27,80.0820925435,74.7019266861,82.0790137438,93.1141319985,90.2208869826,71.4631377862
