Random seed,5,6,7,8,9,10
12,37.7858041044,74.0354301608,62.7793422449,79.7390484925,69.1033679196,53.455969602
