Random seed,5,6,7,8,9,10
18,56.551141674,60.2792186006,71.4592762867,55.2685846821,80.0362117035,61.5094111508
