Random seed,5,6,7,8,9,10
19,46.0099856854,70.837046678,75.4132828463,76.9982042194,82.4385432793,71.9799981894
