Random seed,5,6,7,8,9,10
89,72.8097311758,82.1848683417,85.8839274015,87.506663819,91.0911326659,90.093355769
