Random seed,5,6,7,8,9,10
47,77.9801467554,72.5497693216,90.228434928,84.8794602152,89.3377508536,65.9999461704
