Random seed,5,6,7,8,9,10
48,52.7522697841,68.5880639388,90.3736083088,91.4988490139,85.8024149643,61.551488797
