Random seed,5,6,7,8,9,10
53,62.7185043933,82.2368252654,94.0730467806,88.319321906,86.3049051948,62.3528385237
