Random seed,5,6,7,8,9,10
88,41.0012639294,60.2627833382,59.9803457483,79.18344695,72.8980208879,55.5849140767
