Random seed,5,6,7,8,9,10
67,61.6867534141,73.2879258392,78.7664347344,83.2000190497,80.7227861688,70.2781690073
