Random seed,5,6,7,8,9,10
57,59.381017685,75.5285006425,71.0088559378,75.7321155288,76.8708696334,44.5774511008
