Random seed,5,6,7,8,9,10
38,70.5911600302,73.5387071242,52.9321675849,75.4477955182,82.4647699016,80.7331676875
