Random seed,5,6,7,8,9,10
3,52.6264835794,50.1981794643,71.4259045838,56.4081539962,54.9453911479,39.5480807267
