Random seed,5,6,7,8,9,10
69,48.3208975601,47.6736587639,60.7338593188,53.5655978082,58.1191412407,23.3652366741
