Random seed,5,6,7,8,9,10
37,59.312814925,68.6693062737,73.5093032294,74.9888838671,71.206253682,40.8593935931
