Random seed,5,6,7,8,9,10
48,47.229869184,70.5502809178,92.5909352885,94.3059156764,81.356958134,60.8779673738
