Random seed,5,6,7,8,9,10
5,66.1365079566,70.7399419715,85.803142653,77.447783023,85.005880249,73.0596339101
