Random seed,5,6,7,8,9,10
2,85.5501784135,88.150348132,71.9632333009,85.01912813,79.634293897,71.0513613041
