Random seed,5,6,7,8,9,10
84,57.5867635956,72.1377277475,77.5652672272,82.4261339556,90.1636215155,57.3469329941
