Random seed,5,6,7,8,9,10
12,35.9114038719,67.1853071348,57.7497418484,77.7844934673,77.2285889134,68.4479399685
