Random seed,5,6,7,8,9,10
42,64.5853466537,65.4752957373,79.3958364281,74.5469466144,74.0138040652,38.882967889
