Random seed,5,6,7,8,9,10
21,73.7258785338,81.8800137405,85.7623753203,84.7067509218,91.2066486823,70.4169227044
