Random seed,5,6,7,8,9,10
88,42.25275344,64.9317531882,63.6806655575,71.0743693241,66.0368607062,62.3653893322
