Random seed,5,6,7,8,9,10
41,53.4280155831,56.3123005583,66.1947210924,73.9423972858,66.9495459792,67.7588271966
