Random seed,5,6,7,8,9,10
83,76.7102088881,79.4587960741,87.7071559202,86.4688165692,89.5779294553,78.0401924736
