Random seed,5,6,7,8,9,10
11,78.2240109849,74.8310705292,75.1466004978,72.0864151224,80.402500528,54.8156363242
