Random seed,5,6,7,8,9,10
85,63.8865050741,74.0263928042,75.0078743077,80.2985397133,75.1113227644,63.1229407172
