Random seed,5,6,7,8,9,10
32,61.5735563413,70.8937075949,50.5965391788,74.0019403536,76.4112190011,62.9363419402
