Random seed,5,6,7,8,9,10
53,59.1712501837,69.1914222618,87.5107235665,80.8412786989,81.2311720976,44.2075555506
