Random seed,5,6,7,8,9,10
67,65.9022415112,74.4687018467,75.976580791,77.620199402,79.3493434534,76.5492625928
