Random seed,5,6,7,8,9,10
73,37.4455599139,50.3779586654,47.7868378134,51.4696432988,43.0788755855,34.7290360177
