Random seed,5,6,7,8,9,10
2,79.5594848619,75.5593479495,59.8300953348,70.1630089234,75.0688579368,87.5352727215
