Random seed,5,6,7,8,9,10
76,74.7107317286,83.0988782805,83.102191098,81.9938968934,84.3910112538,78.926148407
