Random seed,5,6,7,8,9,10
91,57.1894092282,67.4668425539,87.8903556293,86.5393357771,77.3618342813,50.5374918705
