Random seed,5,6,7,8,9,10
59,42.6449704669,64.2294664782,72.5186123276,73.2594382129,65.8611034997,53.0285308355
