Random seed,5,6,7,8,9,10
77,76.3934903017,85.9113346159,86.6910210447,90.2245285361,78.7524707643,60.1742193699
