Random seed,5,6,7,8,9,10
93,76.2132983075,64.1658528347,91.5085364052,86.085215823,86.5982601138,82.3472760408
