Random seed,5,6,7,8,9,10
18,75.4728755335,69.6112006406,69.4343314263,71.6918328216,83.1467305835,81.6785490512
