Random seed,5,6,7,8,9,10
42,59.3988759966,60.2274228025,80.7994000756,74.9733765265,70.4981014837,45.2951042298
