Random seed,5,6,7,8,9,10
19,82.2396075976,69.5510451389,75.4694004227,74.5575417056,84.736798757,67.7412800423
