Random seed,5,6,7,8,9,10
1,71.1995806728,83.4365633818,62.0626344885,78.4753064424,82.8160719651,65.4499303098
