Random seed,5,6,7,8,9,10
44,53.6989313306,60.4966285746,82.4926283679,74.5739733576,65.522051018,43.7235948476
