Random seed,5,6,7,8,9,10
16,47.136303995,66.9806448174,88.3971351126,84.826648996,71.4194991443,35.4949240993
