Random seed,5,6,7,8,9,10
96,78.0964172237,65.4102443434,86.6801297981,71.6209061905,78.8941205558,80.5865920605
