Random seed,5,6,7,8,9,10
33,61.9504854396,70.4923311438,59.6664625794,53.4039322968,50.0490466084,30.843828138
