Random seed,5,6,7,8,9,10
25,53.1188517474,65.7934792605,70.3859642127,84.1251685709,82.06053788,78.2415809288
