Random seed,5,6,7,8,9,10
31,47.4193879099,57.5115822851,75.0875668619,71.7877760397,58.994165906,55.7268056095
