Random seed,5,6,7,8,9,10
40,69.9712138142,73.2171386095,76.0912449321,77.7436340282,79.0735884799,67.2000959887
