Random seed,5,6,7,8,9,10
24,61.7010416077,72.7854879108,74.6020338411,75.3512688547,79.0830137014,57.9532416458
