Random seed,5,6,7,8,9,10
54,80.240505406,65.3875487488,91.7225139909,89.2522358966,89.5757312568,85.4901870585
