Random seed,5,6,7,8,9,10
91,66.3614654293,75.1839393323,82.8358546445,84.1709006902,90.13866713,66.9303489967
