Random seed,5,6,7,8,9,10
39,70.3016417421,77.5989428068,80.7886303189,87.891577808,90.0576342604,80.3876171838
