Random seed,5,6,7,8,9,10
48,61.374782562,67.1590291011,77.6054173048,80.5337803738,75.8965526397,65.1531575543
