Random seed,5,6,7,8,9,10
59,62.7922487891,80.4573711923,81.5210680167,88.8055094541,75.1646741604,40.5664423416
