Random seed,5,6,7,8,9,10
39,71.1973976728,66.978220366,81.9831424561,78.358243791,78.1014247681,73.9648749602
