Random seed,5,6,7,8,9,10
99,59.1499254984,61.4685829525,59.8639741209,58.629624829,57.9404531604,44.2278431435
