Random seed,5,6,7,8,9,10
27,63.1581254893,72.8301422659,81.7223258888,82.1508031723,77.4877936508,75.493428077
