Random seed,5,6,7,8,9,10
33,83.9925488277,73.8391170062,87.462891575,75.3237797476,78.6098022456,77.4270580303
