Random seed,5,6,7,8,9,10
75,68.5187533126,64.350396174,70.1801747633,56.7662862093,61.0596645501,41.0244424066
