Random seed,5,6,7,8,9,10
3,53.4253006898,50.6533413048,76.2927978693,62.0352208192,60.9905320539,33.4099791598
