Random seed,5,6,7,8,9,10
81,71.41551709,52.0735782338,84.1280665602,83.9198835455,86.7280577093,64.255433641
