Random seed,5,6,7,8,9,10
17,79.6226990446,54.4871077793,89.2785719484,75.8986870653,76.0143145954,56.925686283
