Random seed,5,6,7,8,9,10
93,82.2749420626,49.4134765513,87.1881935591,89.9587831264,88.0772499864,73.2277765543
