Random seed,5,6,7,8,9,10
11,75.4350466771,76.1866905046,82.3023413206,88.6979144081,92.3891167566,81.8257467641
