Random seed,5,6,7,8,9,10
10,55.9929306274,85.0717414604,84.4983258193,72.6676023867,75.0948942675,55.898038483
