Random seed,5,6,7,8,9,10
1,54.5665386879,67.3953300478,63.7448610773,65.2451507107,63.5906351561,43.4131393016
