Random seed,5,6,7,8,9,10
42,77.7299443926,75.6754218333,81.6344413663,73.9431569999,72.0644373181,57.5438327528
