Random seed,5,6,7,8,9,10
97,78.5914121953,70.5949075749,75.6892566127,74.7046875947,73.40228985,49.9075558858
