Random seed,5,6,7,8,9,10
62,69.9934894956,73.569494016,72.5413622498,72.4218411553,62.0103138478,59.2984110587
