Random seed,5,6,7,8,9,10
65,58.9342658476,65.437517741,92.5629897615,83.6383827191,77.6957101365,68.2715232632
