Random seed,5,6,7,8,9,10
99,59.1183071544,54.7897138863,58.2388700124,63.2994067477,65.323547745,60.4421159154
