Random seed,5,6,7,8,9,10
65,62.3768153424,85.3690931311,80.2487455545,84.9012749511,85.3524739181,55.4148834907
