Random seed,5,6,7,8,9,10
71,61.125736856,32.1155015226,63.5737588538,49.8424349866,44.6850603532,29.6805895839
