Random seed,5,6,7,8,9,10
26,54.4827843096,67.195784736,68.9792151698,69.2898116743,75.7184176052,56.3891702895
