Random seed,5,6,7,8,9,10
14,76.9084345021,81.0397769797,85.9507819675,87.5132241698,86.3801494079,66.0180059967
