Random seed,5,6,7,8,9,10
16,51.4231677887,62.8916113473,80.2992587961,80.2231167483,59.6943133295,43.871426064
