Random seed,5,6,7,8,9,10
6,52.4084553235,69.8557780697,74.9428413478,79.6206711696,68.9494516039,33.3592008873
