Random seed,5,6,7,8,9,10
53,59.1684706156,73.5014184166,93.2736896479,86.066707209,84.2145210101,58.178543883
