Random seed,5,6,7,8,9,10
33,81.9413353776,71.2925252659,91.4419263548,79.0490446478,83.3607754745,73.1309653193
