Random seed,5,6,7,8,9,10
49,82.5115926593,76.603375798,79.2559195376,89.7110196604,87.5091861172,74.0479219615
