Random seed,5,6,7,8,9,10
93,75.9084096338,64.8767668649,89.4929712922,86.4616169737,88.1819197623,85.4046290479
