Random seed,5,6,7,8,9,10
96,79.5333703058,69.7899128316,83.2519340103,78.6254923624,82.1298211132,77.0112402379
