Random seed,5,6,7,8,9,10
46,56.9115479204,50.1798303908,71.9914606675,81.7333344554,81.6086526401,86.0230140671
