Random seed,5,6,7,8,9,10
68,69.7625340752,81.1553857011,78.073619624,89.5722186533,87.2054590573,78.8816826432
