Random seed,5,6,7,8,9,10
17,87.3451710388,58.7253903658,88.1653484771,89.3982871171,85.9378964398,61.1466764766
