Random seed,5,6,7,8,9,10
14,73.3772023918,79.5646078311,92.4754534266,80.1157923575,82.1979635813,67.9340153247
