Random seed,5,6,7,8,9,10
51,46.8692602246,71.4865914557,66.4679258235,73.158024468,53.7624430096,52.323686471
