Random seed,5,6,7,8,9,10
57,72.8292516958,69.892575459,77.14817378,71.371483552,76.4006234646,58.3681830781
