Random seed,5,6,7,8,9,10
87,86.6018904833,55.9593511552,83.1282605299,79.5576060793,78.7935582853,63.3445603611
