Random seed,5,6,7,8,9,10
38,78.145421351,91.0569625676,69.1713921223,86.6275345239,86.5123981399,81.3090136953
