Random seed,5,6,7,8,9,10
86,84.5171115236,82.7030956704,83.2584261755,84.0398504522,78.9283790009,79.2678792055
