Random seed,5,6,7,8,9,10
65,54.0792047504,53.8760120167,90.4882932297,83.9548219474,74.0563548024,60.3051463497
