Random seed,5,6,7,8,9,10
53,56.1519799937,75.0402159898,82.0868040767,74.3456985067,81.8252938895,45.7183354625
