Random seed,5,6,7,8,9,10
86,87.2984398482,87.355903559,82.8847578624,83.1637002518,80.0822244284,75.8935257483
