Random seed,5,6,7,8,9,10
59,74.4334790412,76.6491984273,86.0291540925,86.5993872539,80.578576294,65.738498521
