Random seed,5,6,7,8,9,10
87,79.9972420984,60.7270564876,80.1307245275,82.3245393972,73.3256776887,56.6190837818
