Random seed,5,6,7,8,9,10
50,75.6632212568,81.5272249825,79.8786439369,85.3065919734,80.4627408834,81.7638911597
