Random seed,5,6,7,8,9,10
22,49.2616974067,29.079291355,67.5111970368,63.597910999,65.514648552,61.7499360608
