Random seed,5,6,7,8,9,10
55,43.2014287716,40.6014713238,44.9319574439,36.7338640732,44.4971637891,48.4918347031
