Random seed,5,6,7,8,9,10
34,58.6156152258,90.7336630465,94.2913529201,89.3117813583,84.1961860025,49.5552604283
