Random seed,5,6,7,8,9,10
74,62.7577315175,71.3551331836,71.9820832185,68.7954742628,75.3503336942,61.8724428311
