Random seed,5,6,7,8,9,10
68,76.8851182789,77.3108321235,82.6230032414,85.0941692113,90.6263821569,66.7365551671
