Random seed,5,6,7,8,9,10
17,86.0655376825,65.0765128757,83.9840854708,86.8419413941,75.2882152121,61.1774666086
