Random seed,5,6,7,8,9,10
49,63.8462844551,86.018191194,76.1678727207,81.210452712,82.4545294168,59.2131132571
