Random seed,5,6,7,8,9,10
58,59.4207710206,80.3081260222,92.1510802403,91.2125311231,77.8536485298,68.0881453352
