Random seed,5,6,7,8,9,10
95,81.4890420156,71.947901291,82.6270666802,84.3986796446,80.9584340754,78.408934873
