Random seed,5,6,7,8,9,10
65,59.5206804127,68.7206714108,78.9565923137,76.7730842656,71.3136196823,37.9271881293
