Random seed,5,6,7,8,9,10
22,45.6745062737,28.5826519047,68.5224480907,57.3905499459,68.635811839,56.8997730481
