Random seed,5,6,7,8,9,10
75,82.9615875335,56.0691274004,81.1491609893,79.7914497539,79.878663008,65.6074856008
