Random seed,5,6,7,8,9,10
74,80.33088957,81.5054204015,88.8760213859,89.8515607284,86.6262748377,82.14931766
