Random seed,5,6,7,8,9,10
37,59.9551356791,86.641494261,94.551830731,87.7664245712,82.0143381298,59.0897153211
