Random seed,5,6,7,8,9,10
13,47.6318056669,65.5819193091,70.2916576412,74.7251403005,64.9347851958,58.9993867871
