Random seed,5,6,7,8,9,10
18,52.3902955433,79.0597411108,79.5862910529,77.6991311123,93.2092451663,69.469267173
