Random seed,5,6,7,8,9,10
68,45.9873379893,68.7048740113,84.6828271033,83.9196255834,86.4500572107,65.2086014355
