Random seed,5,6,7,8,9,10
60,34.3605859795,58.7453272808,76.5946434877,81.0288519974,70.3739517566,19.4204546078
