Random seed,5,6,7,8,9,10
30,58.6021722648,86.2693808459,89.7064361745,78.6422060588,70.616584192,56.6726461328
