Random seed,5,6,7,8,9,10
80,64.0929890446,68.1933159335,67.1027403589,65.8245409592,62.7884479253,59.105910299
