Random seed,5,6,7,8,9,10
30,80.6901717896,79.8057064684,92.1953854937,89.092779605,90.1828232739,78.0085815083
