Random seed,5,6,7,8,9,10
78,48.8349672593,59.5696468954,84.9303823382,90.7032061766,84.1923057741,53.7850639578
