Random seed,5,6,7,8,9,10
57,64.400511609,74.197296968,86.8604246196,84.4054497658,88.0087363633,65.4794692932
