Random seed,5,6,7,8,9,10
76,69.7489705487,68.8723494676,76.7272061829,75.6192926189,82.6759581241,84.2817077611
