Random seed,5,6,7,8,9,10
12,34.9401140691,64.0290191911,47.5586172294,65.3529242799,62.8874467697,37.5690960281
