Random seed,5,6,7,8,9,10
62,74.2122136038,76.1909126248,73.246343442,77.5249822458,75.7065262755,56.5744452073
