Random seed,5,6,7,8,9,10
40,51.976529512,70.8519660032,79.8258170714,77.1987486056,77.5543047199,50.7616527646
