Random seed,5,6,7,8,9,10
73,48.6167633776,45.7897121548,41.3998224158,49.3065791872,50.4222913706,46.461277543
