Random seed,5,6,7,8,9,10
56,62.7552692101,74.6600864113,81.8026853074,82.6011204267,93.3104088521,66.5306253539
