Random seed,5,6,7,8,9,10
96,81.9028474393,75.6148763966,87.3751670254,81.0706383087,88.4479140074,80.3338920979
