Random seed,5,6,7,8,9,10
80,70.5221477055,70.7441968287,78.5569515081,80.9594704383,76.5305290496,73.3055447819
