Random seed,5,6,7,8,9,10
9,61.0744865024,59.4332495163,63.8272107937,45.6587765544,61.4181953976,50.3365376899
