Random seed,5,6,7,8,9,10
96,81.2509668827,74.1366310808,87.5398550529,77.5098820112,83.1696394641,84.1882159728
