Random seed,5,6,7,8,9,10
44,56.9331938522,77.6862376967,80.331146365,77.0420044285,67.6600019988,44.8670585435
