Random seed,5,6,7,8,9,10
3,55.2993612109,50.6251167004,63.1445159095,51.2381138042,57.3687490511,45.7704241096
