Random seed,5,6,7,8,9,10
64,65.0134990057,75.8308713604,77.9254618045,80.4272227832,71.1672180487,74.1756730925
