Random seed,5,6,7,8,9,10
51,56.2168440126,54.9950285399,57.4684893859,59.5883855479,50.0610516253,38.2478027875
