Random seed,5,6,7,8,9,10
8,57.171575559,43.7226813507,68.1768479567,66.2008928191,68.3863176763,65.9677622906
