Random seed,5,6,7,8,9,10
7,80.8078045503,89.6202848787,87.0220464802,89.7730180207,92.9317517316,88.9230029382
