Random seed,5,6,7,8,9,10
59,34.7093926881,66.2324140865,67.5561780572,71.5201811161,67.050177309,56.0224544872
