Random seed,5,6,7,8,9,10
84,57.8777966148,53.2465764024,78.4240953137,86.6357708373,75.6016055415,59.5076644658
