Random seed,5,6,7,8,9,10
39,77.7395861983,83.023977281,75.7401950985,79.2877262414,86.3788731415,81.1150484979
