Random seed,5,6,7,8,9,10
86,81.7165907094,81.0820025837,81.8367707237,82.4477236362,76.8145698467,75.8094782359
