Random seed,5,6,7,8,9,10
64,62.619157268,72.1866595,71.1411688304,76.8173074548,67.0508396537,65.0914567867
