Random seed,5,6,7,8,9,10
67,68.4362811417,86.5259379104,81.7963340687,89.8402471532,80.8915268202,67.9089385207
