Random seed,5,6,7,8,9,10
86,60.8577355039,74.3811474308,78.1762506345,85.8444129007,82.9117479358,78.2225124086
