Random seed,5,6,7,8,9,10
47,79.5410922955,71.0390379605,91.4176412649,82.9561955427,86.2562337558,66.8759613172
