Random seed,5,6,7,8,9,10
7,79.2280833143,86.7116482548,87.1581902957,85.7323730868,93.9720848607,83.1862260923
