Random seed,5,6,7,8,9,10
80,68.1321738984,72.9439641688,66.0004746382,72.9993052669,66.4072319575,70.2360860915
