Random seed,5,6,7,8,9,10
97,77.8026771996,72.3092604645,84.5138930896,80.6528268741,70.8497560491,52.6553851714
