Random seed,5,6,7,8,9,10
77,79.3445902558,84.8975517858,82.61336475,77.6160292629,74.7545452006,65.9978475033
