Random seed,5,6,7,8,9,10
91,63.4861936104,71.9034470583,92.4579863093,95.292459909,87.6900240789,59.7194513758
