Random seed,5,6,7,8,9,10
39,79.2038331424,82.8221140655,88.5919474427,78.6571677624,91.3348087969,92.2390000347
