Random seed,5,6,7,8,9,10
67,77.212468981,79.3708136424,78.4908199973,81.209174891,76.4843066209,76.1532653179
