Random seed,5,6,7,8,9,10
37,62.193152683,84.6576841605,91.7003567691,86.3356057292,79.846542897,51.2202054586
