Random seed,5,6,7,8,9,10
92,59.6112739808,59.9181522004,78.9386047813,74.16170771,73.7544704303,65.68877123
