Random seed,5,6,7,8,9,10
60,35.0578873551,60.5062578606,77.0418957492,78.0143388624,69.4019351441,19.6667281507
