Random seed,5,6,7,8,9,10
18,67.1115547154,80.085298276,83.093232353,83.210105722,83.7113472119,59.6171528961
