Random seed,5,6,7,8,9,10
31,34.5772152409,32.6811760531,41.8800241781,36.5338439126,35.2625374518,24.0596002737
