Random seed,5,6,7,8,9,10
98,87.5864033116,75.6548255845,88.8575919808,77.8794137965,75.0249531724,54.3127207373
