Random seed,5,6,7,8,9,10
16,32.5923423269,64.9787614099,78.2022299409,86.0303832483,68.5185121065,41.1177878919
