Random seed,5,6,7,8,9,10
34,57.1554868589,90.1803027076,92.8252044992,90.2681105623,86.3265857575,50.6043764755
