Random seed,5,6,7,8,9,10
3,55.5114830683,69.8556652636,85.5787932624,74.5526790591,76.5522290311,51.9979339389
