Random seed,5,6,7,8,9,10
96,79.3228788912,72.0642086991,84.8418902619,78.3286353989,81.043382601,77.9546597903
