Random seed,5,6,7,8,9,10
96,75.9026311264,71.9692851753,85.0157917056,77.7424725753,87.0849722224,90.6293300995
