Random seed,5,6,7,8,9,10
59,56.1246692544,66.9871109301,69.7220122916,73.2129007097,62.5278451397,44.9956021165
