Random seed,5,6,7,8,9,10
32,80.6442546013,79.8279383954,65.7747751519,86.7662384538,87.8478647015,80.0681715335
