Random seed,5,6,7,8,9,10
52,67.5739904065,72.405982883,68.4780889509,75.2717659719,68.5606387046,59.2766286313
