Random seed,5,6,7,8,9,10
59,39.4750413426,62.1406323583,58.4742472363,70.9029022866,66.3194526286,37.3847260115
