Random seed,5,6,7,8,9,10
56,68.5722211393,73.0504222483,76.7945865919,79.2181318882,85.0287051833,55.4026728781
