Random seed,5,6,7,8,9,10
19,76.9480830631,75.0527760277,73.102667953,72.2814486366,79.05570794,58.3154308468
