Random seed,5,6,7,8,9,10
78,66.0616534781,65.5277162528,86.5766904928,78.8421046364,92.8436778284,63.9833450548
