Random seed,5,6,7,8,9,10
51,46.3209031478,55.2270621367,59.7751619601,67.7695355319,59.282347791,56.3586736769
