Random seed,5,6,7,8,9,10
66,74.4943995826,74.1394966559,88.6497060673,88.5168438716,81.5688221122,72.8475250489
