Random seed,5,6,7,8,9,10
37,57.9106562813,83.3400841454,93.4536942563,86.0267930292,81.076277604,62.5340665864
