Random seed,5,6,7,8,9,10
15,59.5941253136,66.6901604646,85.0084864582,87.3262638016,75.267787166,44.3039262556
