Random seed,5,6,7,8,9,10
12,33.6729501563,61.5970067519,54.4837569649,79.0250004318,79.2372280716,58.7273729628
