Random seed,5,6,7,8,9,10
0,57.9072407784,66.5567743906,63.8093055833,71.3771634836,58.8821471566,48.3538044153
