Random seed,5,6,7,8,9,10
66,73.2047415662,79.8255851775,87.1827360863,82.7156893788,83.6546466305,62.6060719256
