Random seed,5,6,7,8,9,10
63,80.0589460784,87.4478328301,93.1738182503,80.4779156192,83.7075780156,82.0767473126
