Random seed,5,6,7,8,9,10
39,74.5348368163,91.7090580138,80.5197343001,93.1077364201,85.6156331158,73.6052931475
