Random seed,5,6,7,8,9,10
16,34.4496331984,62.2246201105,76.800849943,80.8918464491,75.869979116,26.4801225587
