Random seed,5,6,7,8,9,10
6,47.5844486891,75.9331392257,78.3814582082,85.4128344286,68.0327426813,25.4342174574
