Random seed,5,6,7,8,9,10
3,57.6008379365,57.3572394779,78.5783017248,66.5936235291,70.7391189222,37.7224980683
