Random seed,5,6,7,8,9,10
21,77.2697835151,86.521973044,88.3751653392,82.1404576842,74.5513603839,65.8115645937
