Random seed,5,6,7,8,9,10
62,70.3110136385,74.3388757794,82.2384466224,81.3133853581,72.6231959392,35.9612603213
