Random seed,5,6,7,8,9,10
42,61.1463896442,66.2705596051,75.7853180636,66.994423735,64.4598775923,49.4780531091
