Random seed,5,6,7,8,9,10
30,64.1250754662,80.3505505644,75.7439206101,67.6785095435,65.0458931639,57.8167139406
