Random seed,5,6,7,8,9,10
86,61.5472284978,72.8433448306,81.9523325312,79.4954123248,83.3388365448,82.0286583307
