Random seed,5,6,7,8,9,10
91,63.4861936104,61.9442602055,93.1786131217,93.4235191028,86.8415013401,59.7194513758
