Random seed,5,6,7,8,9,10
99,56.0064863807,68.8124417133,69.0389756735,78.0586349485,79.7814982236,71.1878399403
