Random seed,5,6,7,8,9,10
52,54.3651539296,67.2321509646,63.9721775322,72.0344000602,63.0932649827,49.2459721777
