Random seed,5,6,7,8,9,10
51,41.3314572606,50.4827835455,49.1281822814,63.5695925471,41.5378169634,32.0190338389
