Random seed,5,6,7,8,9,10
73,48.8232268137,73.5670583656,58.5648505684,67.7682504086,55.8064337804,44.0006482792
