Random seed,5,6,7,8,9,10
88,60.3486909036,61.2002228461,63.7273381067,80.2571830472,77.9666758812,49.770350332
