Random seed,5,6,7,8,9,10
38,89.5158680972,89.372792428,81.1084191928,92.6428697368,88.8094630878,76.601212125
