Random seed,5,6,7,8,9,10
6,55.1858054762,72.1002342908,75.1228083273,80.2822570742,68.3120103229,32.9816173116
