Random seed,5,6,7,8,9,10
76,77.4584671737,77.9697369046,88.8722046514,82.6850877782,85.011814734,76.7331012724
