Random seed,5,6,7,8,9,10
4,83.721908441,81.406092613,77.5451398126,87.3337959836,88.1658954227,75.879730827
