Random seed,5,6,7,8,9,10
94,59.7254652361,53.6873353045,64.3616823058,52.7501724809,60.5188739173,53.1394648653
