Random seed,5,6,7,8,9,10
47,80.0733480954,78.0172483958,86.0112233074,82.0826371023,88.6114134055,63.32022764
