Random seed,5,6,7,8,9,10
48,61.9580576379,74.4491146307,85.9697658572,89.8887028593,89.3062386185,61.0004146287
