Random seed,5,6,7,8,9,10
29,62.1908317927,81.4981793974,83.3507287356,82.5895647126,79.9388198099,66.0980409281
