Random seed,5,6,7,8,9,10
55,44.1436675116,52.452147204,58.6296068817,57.4932535495,61.4297231613,42.4873133126
