Random seed,5,6,7,8,9,10
73,48.6087103985,52.7356880711,43.1212810319,52.6865547642,47.7609459213,36.097849553
