Random seed,5,6,7,8,9,10
93,73.5499337145,58.9439269119,92.4659789355,88.4102487756,90.8980108261,84.2110001255
