Random seed,5,6,7,8,9,10
27,51.233410651,65.7696993822,77.0432206366,78.1489125966,79.1979565253,49.8632428955
