Random seed,5,6,7,8,9,10
56,67.3569076461,73.0971376399,76.1754362434,71.6292925994,82.0952069047,60.2411108044
