Random seed,5,6,7,8,9,10
91,63.6533611157,68.8611659774,81.9692805797,84.612290234,90.0784014933,63.0177332413
