Random seed,5,6,7,8,9,10
62,72.2869567256,77.4013308972,79.1710903463,77.5586180822,79.068610327,59.4767535995
