Random seed,5,6,7,8,9,10
70,77.6027270303,57.4765046876,64.8118894028,63.0884771964,67.5714789965,65.2919121405
