Random seed,5,6,7,8,9,10
78,43.7544797785,57.0908607473,74.4876431029,87.6442950146,87.2161447017,55.8292060549
