Random seed,5,6,7,8,9,10
41,58.7741245643,57.4771851745,77.6752284631,76.4904370231,71.4390916787,75.5004119859
