Random seed,5,6,7,8,9,10
69,53.1910075019,64.5583648833,71.0721994397,72.7053284832,69.2932951708,55.2252804619
