Random seed,5,6,7,8,9,10
55,53.7196862194,78.2319095392,49.5606883206,62.413916686,55.650557856,56.5316654452
