Random seed,5,6,7,8,9,10
35,73.9575919587,56.1678152271,68.2993339944,70.645422599,76.1902587034,79.3462038429
