Random seed,5,6,7,8,9,10
86,68.3361407791,77.2676397124,82.5554845682,85.8145969039,87.5959874547,80.4867327697
