Random seed,5,6,7,8,9,10
8,52.5896940051,73.3919405049,80.3858948129,76.3185841157,70.5715391616,44.5793371797
