Random seed,5,6,7,8,9,10
33,64.7208685846,59.4222471943,87.5283241053,73.3085790155,86.6752193337,59.3339041023
