Random seed,5,6,7,8,9,10
55,74.0368860962,85.9318964403,81.4057889841,85.6616681557,79.3397579257,50.8123104016
