Random seed,5,6,7,8,9,10
76,54.2495760032,68.9832839985,81.6139559643,71.684641622,67.8121932227,52.6906162143
