Random seed,5,6,7,8,9,10
91,65.907134562,73.6893749818,70.4626589611,78.1218360974,85.057347958,81.0208282933
