Random seed,5,6,7,8,9,10
68,54.7868310215,78.3444921038,79.6312495022,88.4240977908,92.7078940058,71.5017789345
