Random seed,5,6,7,8,9,10
50,79.1879628598,79.3139050064,83.6227066128,84.8745629955,76.8395890617,67.131230024
