Random seed,5,6,7,8,9,10
83,66.9338589842,78.1197125998,81.8878330985,81.2121361158,82.0372124543,83.0045046129
