Random seed,5,6,7,8,9,10
10,55.2123341742,79.6290962185,76.8801093248,71.0310021202,74.9799663336,61.6496563219
