Random seed,5,6,7,8,9,10
0,60.5545419947,66.5543296456,62.6034097646,63.09782288,59.3209327271,40.663092744
