Random seed,5,6,7,8,9,10
63,82.0598928372,79.9385356226,86.3588628789,77.0046926099,80.7132343426,64.9320319364
