Random seed,5,6,7,8,9,10
63,74.829941754,70.4010567911,93.649188135,86.0366916644,90.6134807021,80.2232865288
