Random seed,5,6,7,8,9,10
61,66.1349968958,52.7659716502,72.13992383,80.350512018,74.9257167834,38.3599029522
