Random seed,5,6,7,8,9,10
1,66.6939515981,72.294141607,45.6503395137,65.4214730709,68.2178737397,48.4075677719
