Random seed,5,6,7,8,9,10
45,79.4024306203,71.2211698363,94.8250541742,86.9659759912,85.3160897631,76.5936062049
