Random seed,5,6,7,8,9,10
2,81.2918673723,75.9208058103,58.021426543,70.693128102,75.6309059292,81.3072422849
