Random seed,5,6,7,8,9,10
37,53.694006925,85.8640525728,93.0218577935,81.1145814291,79.7409838117,63.8300361913
