Random seed,5,6,7,8,9,10
99,57.2908989396,64.939840644,73.8480418497,78.4035853306,80.1316282054,76.7521834306
