Random seed,5,6,7,8,9,10
58,61.3475213499,83.8139695246,94.1819794,92.6679979818,86.4182451514,74.2102000931
