Random seed,5,6,7,8,9,10
14,85.0022792471,77.5398916249,90.0607505481,81.5925807576,81.6434907514,62.1696421636
