Random seed,5,6,7,8,9,10
6,68.860808031,68.6435537258,81.0764744841,81.1688954721,77.8889566969,50.5660460866
