Random seed,5,6,7,8,9,10
10,50.7734212985,91.7599020862,80.9297726955,83.1311002168,78.7474148215,59.0944481411
