Random seed,5,6,7,8,9,10
61,76.4842763311,53.1285548947,70.575192195,84.9713595591,79.2554529224,55.6340508097
