Random seed,5,6,7,8,9,10
99,52.0083339549,58.8725839418,67.4195296499,66.0089519587,59.0570686706,53.862633634
