Random seed,5,6,7,8,9,10
24,67.2048688887,80.5382337903,82.4339596605,89.4392438719,83.9280635445,91.4301105512
