Random seed,5,6,7,8,9,10
38,92.610521473,91.7673651137,83.7428498013,92.5114376429,88.6185608964,69.4575671537
