Random seed,5,6,7,8,9,10
94,67.4244522458,81.8843267807,87.958005528,76.4174127584,78.7020211384,36.8727770181
