Random seed,5,6,7,8,9,10
31,50.2572537594,84.8278219724,65.3795157045,68.0579496125,47.8697410754,33.862984643
