Random seed,5,6,7,8,9,10
34,52.566143061,69.4056249608,83.7526997738,83.9112331625,73.5924924711,37.9759817367
