Random seed,5,6,7,8,9,10
41,60.5696399023,43.9113824923,68.4281323054,74.2868038418,68.0788408333,52.4494939005
