Random seed,5,6,7,8,9,10
37,59.8693141427,91.4659082744,86.3840744676,89.2773433251,84.6323355998,49.4353872187
