Random seed,5,6,7,8,9,10
37,64.6425098528,90.4452942563,86.3161834698,81.893726654,78.1214134901,43.8801855684
