Random seed,5,6,7,8,9,10
81,71.9904899708,55.0500778297,85.5562599358,88.1663967364,83.7668486826,47.5955012667
