Random seed,5,6,7,8,9,10
58,43.309056593,74.4146863446,59.0757533363,57.1375798698,59.7759035918,38.4784481167
