Random seed,5,6,7,8,9,10
7,86.8766942648,81.3743215254,86.1437219708,81.6297001016,83.0803126909,81.2122528746
