Random seed,5,6,7,8,9,10
34,53.5536912053,82.9432084134,84.5312975663,80.3603949379,86.8095035812,49.0232493396
