Random seed,5,6,7,8,9,10
31,47.8520517644,50.163594548,66.720467709,65.9519591984,59.3425188705,57.1453782712
