Random seed,5,6,7,8,9,10
21,77.0066794509,81.0802030805,83.9495686155,81.3210740141,86.1407852936,66.4582599565
