Random seed,5,6,7,8,9,10
36,63.9110832951,62.6631172535,76.5391711927,81.4938465791,79.587134177,75.9156573549
