Random seed,5,6,7,8,9,10
4,51.3702248983,24.1294380259,33.4430533067,32.7086164295,38.2503242161,35.1457878466
