Random seed,5,6,7,8,9,10
38,67.4534547151,79.3342086778,75.0049861839,88.8890358232,83.6588006103,70.6178721881
