Random seed,5,6,7,8,9,10
83,76.768584075,78.9997947303,84.9087242901,82.912110197,81.1413849083,83.4928721234
