Random seed,5,6,7,8,9,10
66,80.056612425,88.2995579225,91.4656688639,80.915609035,78.2444045714,62.8877615558
