Random seed,5,6,7,8,9,10
84,54.5600405958,97.1394741081,79.21467571,72.7773975095,71.8574575145,61.2947701197
