Random seed,5,6,7,8,9,10
82,65.5250017724,73.6286510335,80.3539333266,78.7198987256,79.0930956571,81.406153672
