Random seed,5,6,7,8,9,10
6,48.7022710576,70.9689770564,76.0689132926,78.3680755615,61.0774996408,27.9667446089
