Random seed,5,6,7,8,9,10
9,50.2796171157,59.3936400855,67.7432591678,64.8414595602,82.2017543779,70.0920395385
