Random seed,5,6,7,8,9,10
22,54.9811142145,65.9663809169,82.1044576601,86.1045751013,73.8785095964,60.1946405507
