Random seed,5,6,7,8,9,10
58,40.54459509,72.876172489,56.2749436947,54.8881708989,57.1175075843,32.6362445974
