Random seed,5,6,7,8,9,10
14,87.2696310124,78.4095275028,91.3786339172,81.032329127,82.9826977637,64.2300563839
