Random seed,5,6,7,8,9,10
25,48.8593662167,63.7576340634,79.8148861975,82.6781391937,80.1482191295,72.0004440337
