Random seed,5,6,7,8,9,10
29,72.7356905022,76.2180352588,80.1852777369,71.969225167,77.8732887402,64.294341498
