Random seed,5,6,7,8,9,10
49,75.3973073341,84.1754090374,77.2327835469,88.2316495966,93.3506670632,78.0241562463
