Random seed,5,6,7,8,9,10
6,50.0113706669,75.1434428843,82.944644895,76.5377145257,66.6057595038,41.4398290204
