Random seed,5,6,7,8,9,10
40,13.0570979756,39.9864527678,27.7952841801,21.1805313743,29.9637576234,12.4355189898
