Random seed,5,6,7,8,9,10
25,57.2074774604,47.4860969446,63.0118371806,60.929491759,67.5454481178,68.8410242989
