Random seed,5,6,7,8,9,10
90,80.1478213537,82.4024565776,86.0833123241,78.1777620223,76.1235534049,72.630452696
