Random seed,5,6,7,8,9,10
14,73.378413015,82.428816947,85.2898247649,92.4504734243,93.9776524689,85.3711459249
