Random seed,5,6,7,8,9,10
36,74.1186388878,62.8238762266,83.3714770799,82.4536123411,86.705881823,80.1856765466
