Random seed,5,6,7,8,9,10
42,66.6263270353,71.1359996443,76.3019764016,60.6324742343,58.2573457296,32.9790603869
