Random seed,5,6,7,8,9,10
82,84.9804791652,86.8884234773,90.484948433,90.4110356391,87.7094400233,91.8902473821
