Random seed,5,6,7,8,9,10
60,42.8639101689,56.5192643065,81.333495491,86.9208533488,74.7811163051,18.4437240941
