Random seed,5,6,7,8,9,10
59,50.6819607112,66.5835313823,69.1609852052,71.2197897088,65.2250915389,55.4429700252
