Random seed,5,6,7,8,9,10
23,55.4342612452,63.6082726738,67.3175256844,71.5432835188,67.8213346165,64.6564397453
