Random seed,5,6,7,8,9,10
51,23.5547234154,25.6839304641,30.4765262126,28.7780068279,18.8407689096,10.3432288398
