Random seed,5,6,7,8,9,10
19,71.4898043132,76.8197604265,74.5164045498,75.9092485273,83.8705335705,78.6180218374
