Random seed,5,6,7,8,9,10
96,69.1305562682,55.4053755332,75.7793155824,73.0614841011,92.244743558,69.5826521184
