Random seed,5,6,7,8,9,10
97,76.5021675145,87.6018516957,79.1923214409,77.4569549729,81.2930887723,67.0572147987
