Random seed,5,6,7,8,9,10
97,82.739696345,78.0146195757,84.615871949,85.0257626335,84.0748924655,90.7203014649
