Random seed,5,6,7,8,9,10
20,67.9867734487,61.3558930349,63.4145204339,55.4035375685,63.4956169456,38.259771778
