Random seed,5,6,7,8,9,10
56,67.9730464049,71.6767037349,76.2201069257,78.6140243247,85.6559720474,54.5717366868
