Random seed,5,6,7,8,9,10
66,72.1025835746,74.4052962767,89.6760437416,87.6154920244,81.0720145033,66.7315042799
