Random seed,5,6,7,8,9,10
98,80.1356001427,70.6018405729,95.483157266,90.677632126,85.2264704335,76.8696300484
