Random seed,5,6,7,8,9,10
92,50.7412280976,49.6408323717,80.185051939,83.1638486346,78.2052221918,57.0250422282
