Random seed,5,6,7,8,9,10
9,62.4315007479,70.276586627,77.7055656158,70.005318378,82.2409475673,52.3167059089
