Random seed,5,6,7,8,9,10
93,74.7887428243,60.6927991571,94.7036218644,89.8328243875,91.7543944394,78.842169187
