Random seed,5,6,7,8,9,10
31,34.5728247982,18.1701855753,33.8576235789,37.6713545832,38.2163923425,25.2600739493
