Random seed,5,6,7,8,9,10
15,56.247230421,76.4786691375,72.9753981842,85.7236405838,93.6702974878,61.2650678984
