Random seed,5,6,7,8,9,10
41,63.6746805449,45.8337678703,67.0584244663,68.3881858586,60.1197546538,60.714212565
