Random seed,5,6,7,8,9,10
98,76.2209129227,81.6278029632,82.7398667898,75.9419175963,85.5609796413,75.1557705803
