Random seed,5,6,7,8,9,10
41,55.9037701546,35.3186334912,60.9544553171,64.8786132772,63.6721973289,64.4255103556
