Random seed,5,6,7,8,9,10
5,63.6297491132,64.4951283273,85.0884804427,74.4061040888,80.8107454878,64.3312636114
