Random seed,5,6,7,8,9,10
56,56.8175926064,72.144521395,82.720062237,81.8761438334,89.0132542024,53.6019134908
