Random seed,5,6,7,8,9,10
83,76.6120094738,80.8162548751,86.7380781221,86.0646098147,91.2274529022,80.4726050435
