Random seed,5,6,7,8,9,10
24,68.3478779025,76.9358543941,77.720147744,80.4998723227,89.9359838441,75.5113357967
