Random seed,5,6,7,8,9,10
25,52.4908882628,59.5983218958,65.3375179656,72.969104863,65.8130335028,62.7932536681
