Random seed,5,6,7,8,9,10
50,73.8910341455,88.8383003862,83.1731997791,91.8371515961,78.2798494857,78.5254174076
