Random seed,5,6,7,8,9,10
70,79.3757852332,80.0478121885,74.7863433343,73.3020227964,80.6796693477,65.4519695001
