Random seed,5,6,7,8,9,10
62,78.1728925842,78.4122963834,87.4227163001,90.7506218796,74.9674561261,27.9617518
