Random seed,5,6,7,8,9,10
66,92.3087597649,68.7396347652,84.1956501765,84.4833994857,89.0802181437,81.3650953349
