Random seed,5,6,7,8,9,10
71,58.4085675272,33.4769169025,73.305452114,67.8120149935,57.1846065302,37.1723534016
