Random seed,5,6,7,8,9,10
32,62.0041251438,67.5544777449,64.994657895,90.2658912375,91.3785110222,81.7565186959
