Random seed,5,6,7,8,9,10
83,72.6116997048,74.1116061888,79.5365275887,86.2363302464,89.1006526234,87.0013469207
