Random seed,5,6,7,8,9,10
87,77.5807773691,63.2256851451,87.9510328898,84.9680895165,90.453546521,72.7828845729
