Random seed,5,6,7,8,9,10
64,57.1574407463,72.3479795178,61.5450336248,60.718781237,62.4556367027,38.7030678193
