Random seed,5,6,7,8,9,10
28,62.2823517985,54.2010890721,70.4580428504,76.3008829979,76.472945893,55.9076593745
