Random seed,5,6,7,8,9,10
69,64.4507798966,87.0748170995,89.0936875511,75.1625905199,73.9701164845,22.8987136333
