Random seed,5,6,7,8,9,10
25,53.1059035447,62.2682722358,68.6157662298,78.5984375726,79.4131775295,64.7911039544
