Random seed,5,6,7,8,9,10
76,74.6514997026,68.9689166264,65.9505131459,67.2749238142,73.9414308197,84.6123574039
