Random seed,5,6,7,8,9,10
30,71.2005014218,88.6435507424,88.1750401481,89.7948523048,87.4995424084,68.9980317313
