Random seed,5,6,7,8,9,10
9,52.3738785836,61.1808636384,60.6407957589,51.9237369316,59.7090462189,45.4391111999
