Random seed,5,6,7,8,9,10
87,66.371340783,41.0225593322,61.0753626801,60.1473145781,59.4698731387,52.2940053533
