Random seed,5,6,7,8,9,10
47,58.0809825379,53.8938576364,57.494875259,68.9063072149,76.6417801124,47.0060978129
