Random seed,5,6,7,8,9,10
86,83.8162296386,79.9337960195,81.7075727683,83.0706309485,78.9648865936,77.280739809
