Random seed,5,6,7,8,9,10
39,67.7324965565,77.391717805,83.7036711167,93.8718551751,92.7533078338,79.8859840447
