Random seed,5,6,7,8,9,10
62,72.4044631687,71.5976392402,75.3329873702,78.3963882543,84.9869307535,59.114080576
