Random seed,5,6,7,8,9,10
84,55.8024229243,68.6225294247,75.6144296603,84.1821601099,76.7221461563,50.8860573597
