Random seed,5,6,7,8,9,10
3,55.0385642596,67.3492823446,74.4631787472,66.5570401745,74.3812448916,39.4357438987
