Random seed,5,6,7,8,9,10
39,72.7713146019,73.8448268599,79.4357528385,88.8409883765,86.6226646406,84.6458181409
