Random seed,5,6,7,8,9,10
79,47.8485084383,72.5821942622,71.9577601231,68.7620863276,64.2787135138,25.4452788162
