Random seed,5,6,7,8,9,10
35,60.9119893124,50.9342120453,63.3722135312,68.01740376,75.543160578,76.161664655
