Random seed,5,6,7,8,9,10
20,63.1125257829,74.8212945991,89.7874834663,81.4003629521,86.3855588282,56.41676536
