Random seed,5,6,7,8,9,10
77,73.273143276,76.2854253056,63.3554638877,64.8307609191,68.3933113307,52.1637510849
