Random seed,5,6,7,8,9,10
90,67.2498762112,77.8479643978,84.4619902631,80.6430015969,77.8216664563,77.0475444064
