Random seed,5,6,7,8,9,10
87,81.8979161195,58.8544156521,87.6929524018,77.6601411589,77.8049551449,50.6887291267
