Random seed,5,6,7,8,9,10
61,73.8735125437,68.0370459215,75.8466385588,84.1202945036,73.2877338145,45.8214036026
