Random seed,5,6,7,8,9,10
52,39.8014276449,60.277831032,77.1562218974,73.4917893484,61.9531661972,34.1541743545
