Random seed,5,6,7,8,9,10
49,72.7647193703,75.5866879942,69.9082574269,76.2519723355,82.0863068647,60.560295773
