Random seed,5,6,7,8,9,10
19,69.5892718933,64.6385852023,65.74524696,72.6637353324,73.8606759772,58.5304346791
