Random seed,5,6,7,8,9,10
39,64.7865512138,69.1951450491,76.0507225662,82.378638774,75.1578104678,57.7562037706
