Random seed,5,6,7,8,9,10
41,56.5303612348,63.6451805326,67.8181224532,73.8404170427,70.8505538925,80.4969202239
