Random seed,5,6,7,8,9,10
33,84.544746692,65.5265265835,87.8578060252,83.3363040125,82.4385046692,73.8876959826
