Random seed,5,6,7,8,9,10
99,63.1361917531,47.7655041931,69.5108629511,71.5656382913,67.7158226093,55.833868145
