Random seed,5,6,7,8,9,10
39,78.3072747686,88.2940908561,81.0502887396,91.705996663,91.6665694234,88.6765763376
