Random seed,5,6,7,8,9,10
91,65.8894286677,84.8190852366,86.4904879457,87.242020591,90.0289980388,65.228553414
