Random seed,5,6,7,8,9,10
0,56.2045817163,60.0355762324,56.1525823849,59.3780329458,50.8485802577,52.2522810384
