Random seed,5,6,7,8,9,10
48,54.9783929467,83.7899730859,84.4025698229,87.7010928252,85.8660011799,57.1221787183
