Random seed,5,6,7,8,9,10
9,71.4361167629,64.4157291846,75.6882232841,70.0020487631,87.3076952314,65.325786292
