Random seed,5,6,7,8,9,10
28,48.1886458584,52.326182889,49.4979117357,60.2445545387,62.4970910151,56.5828375072
