Random seed,5,6,7,8,9,10
94,62.3143267765,54.7152499688,69.3398694712,53.797704253,57.4951661572,40.0728676409
