Random seed,5,6,7,8,9,10
53,54.5237280197,76.62130408,77.8636557437,75.5555687975,85.6000709701,49.8695612308
