Random seed,5,6,7,8,9,10
63,70.2350924621,81.7333255688,86.0109726135,88.085220099,88.3321623683,68.9252501033
