Random seed,5,6,7,8,9,10
6,34.005074121,70.4286572154,73.1316151767,65.7707925359,51.0931918063,34.0178355643
