Random seed,5,6,7,8,9,10
22,59.4258216247,75.9788318058,78.9100097556,85.0794167908,92.1203311044,65.3176588024
