Random seed,5,6,7,8,9,10
87,63.3173553648,52.0054796377,79.2586158665,80.2113004576,77.0762945847,68.2625354988
