Random seed,5,6,7,8,9,10
24,65.3131563634,81.2572523753,77.951964263,84.0882351061,79.7223442786,82.391204565
