Random seed,5,6,7,8,9,10
21,79.8925987235,83.2070663822,86.2236364645,85.4424048683,91.4701800664,72.493855
