Random seed,5,6,7,8,9,10
82,66.5379757692,68.3900278608,69.7607800178,82.8093199365,83.1650329196,71.0959510023
