Random seed,5,6,7,8,9,10
92,47.7539791254,59.3785258535,87.1803797587,78.4814273805,68.9451736392,51.2165884488
