Random seed,5,6,7,8,9,10
25,50.7776278184,49.7146862849,69.1511573437,56.9036547357,64.2301120664,65.1661241509
