Random seed,5,6,7,8,9,10
97,79.5757828119,71.822888425,77.6257872247,75.6900717348,78.3595504581,57.1847115204
