Random seed,5,6,7,8,9,10
78,49.5259826582,68.145139037,81.7946186719,76.7600389019,84.058334495,50.1660718732
