Random seed,5,6,7,8,9,10
13,43.1897986139,45.5167788237,55.9248426054,63.31250598,53.6941791657,29.3263803866
