Random seed,5,6,7,8,9,10
54,74.1900603757,53.2582848041,80.6055608035,77.8684808514,78.6605877451,74.5695184577
