Random seed,5,6,7,8,9,10
59,35.7961005325,58.8029706194,59.2043680152,62.849831093,57.6686173871,53.2507580684
