Random seed,5,6,7,8,9,10
27,62.214953777,71.5199508531,77.218958722,75.930891055,72.7077427031,50.826731753
