Random seed,5,6,7,8,9,10
27,76.0063136544,78.5013318445,80.4024220446,79.8090975672,75.921703953,39.8105548087
