Random seed,5,6,7,8,9,10
62,69.1889586368,76.0266698978,75.4293501526,78.9591222128,74.8643619343,59.7999461883
