Random seed,5,6,7,8,9,10
33,87.4236520648,65.9835237654,87.0205831838,81.0779842673,80.6560240116,69.4251154237
