Random seed,5,6,7,8,9,10
79,46.8298735486,73.3046863174,73.7069286433,71.6992208373,67.2211307563,37.2557461006
