Random seed,5,6,7,8,9,10
10,44.1133287468,81.386936415,69.4418953666,65.9345011197,68.5541185981,45.004859879
