Random seed,5,6,7,8,9,10
51,44.3575558417,73.4090346758,71.7794788732,75.984549118,63.4274072926,52.8087560829
