Random seed,5,6,7,8,9,10
49,81.5162972283,87.136141159,76.516166971,84.2980570694,82.9999257239,74.2461078155
