Random seed,5,6,7,8,9,10
61,67.1616514007,58.8064742344,69.732182076,83.0382183936,82.8993997409,72.097389774
