Random seed,5,6,7,8,9,10
17,83.8467173349,49.8457362993,89.2622462088,82.0375541067,88.8368270074,70.3433014928
