Random seed,5,6,7,8,9,10
42,65.2025683768,63.1885642514,73.9619298345,74.185350106,72.8339131645,57.6417415626
