Random seed,5,6,7,8,9,10
44,36.8804415982,56.3764002223,67.8987622014,66.8608407816,59.8580864327,25.5660175153
