Random seed,5,6,7,8,9,10
58,52.6139617342,76.8891423986,87.987029792,88.7968369766,86.9657865731,75.7782726234
