Random seed,5,6,7,8,9,10
30,75.0694366804,73.8640430417,82.8429437465,78.3037570566,79.8312333016,65.4148450726
