Random seed,5,6,7,8,9,10
44,50.1823431224,73.4539535188,79.4815946653,76.1853712977,66.4879862562,40.7972222581
