Random seed,5,6,7,8,9,10
88,50.1490812954,44.5053400573,53.8150790203,55.8709864035,60.9018567921,43.9138509416
