Random seed,5,6,7,8,9,10
25,58.9191460759,57.2755119767,78.4645271284,80.9069746758,71.9676100519,72.5948236135
