Random seed,5,6,7,8,9,10
41,56.6459526994,48.1487713424,70.9402526426,69.165969186,61.0516295483,62.6536261348
