Random seed,5,6,7,8,9,10
69,51.9548405249,50.644777262,64.5051458099,49.7908034066,58.1048076279,25.6484650237
