Random seed,5,6,7,8,9,10
29,60.6918760747,56.3763942585,79.2360421343,76.3085303807,82.725982716,63.9686317835
