Random seed,5,6,7,8,9,10
56,79.2147801607,75.0709247606,85.3836594629,88.5673486361,97.3323658797,84.1825543792
