Random seed,5,6,7,8,9,10
98,79.6172245564,82.5026662035,79.3226929,71.6014283009,80.5921429777,66.9260643363
