Random seed,5,6,7,8,9,10
40,41.5992206409,40.0854716458,69.2376047106,57.0199267195,73.4538358053,62.8223502699
