Random seed,5,6,7,8,9,10
3,45.2638907013,54.0938138354,74.6569569108,71.0580455333,71.9261362016,52.1705867009
