Random seed,5,6,7,8,9,10
40,52.1967166271,69.2739982377,78.9775024833,76.0796409138,76.631980873,50.3163987481
