Random seed,5,6,7,8,9,10
95,90.258804014,68.750577912,87.2859830889,79.4503147789,87.4527394205,80.6396401346
