Random seed,5,6,7,8,9,10
82,70.6705922772,70.3005930604,74.1109428577,73.3029233408,67.9528908798,69.953883495
