Random seed,5,6,7,8,9,10
73,48.6406873252,43.1647493562,39.5202324681,40.3797596915,43.5019587242,31.1762167786
