Random seed,5,6,7,8,9,10
37,63.7310280544,92.8244418948,86.3873336139,83.43421586,79.0034155076,51.5226975715
