Random seed,5,6,7,8,9,10
98,84.104941832,94.0698649929,90.2086899162,83.739759747,81.9007304605,66.8698725172
