Random seed,5,6,7,8,9,10
90,76.2676510795,65.2195576283,72.9817739418,68.5389838304,70.7067911764,63.0953766074
