Random seed,5,6,7,8,9,10
37,62.9208978894,74.0449478791,84.4808833352,77.7674998388,78.5597578348,59.5438648246
