Random seed,5,6,7,8,9,10
50,67.4945774887,78.4570185241,82.5473146272,86.4715787472,81.7791904028,74.9729606309
