Random seed,5,6,7,8,9,10
84,65.54456983,65.7176208997,77.6712922497,83.2564408632,78.8742324528,47.2362432777
