Random seed,5,6,7,8,9,10
14,76.1588166308,74.5713056288,96.2540918244,84.0472158827,85.4250478177,68.0808817568
