Random seed,5,6,7,8,9,10
15,55.4976753107,71.8429988715,76.4913532633,89.4161404205,85.6370200375,57.2535561832
