Random seed,5,6,7,8,9,10
84,57.3902422656,72.2214605767,78.009182231,82.9538511689,90.4789067681,57.9707868569
