Random seed,5,6,7,8,9,10
44,39.9135795897,59.2450893622,76.7320042407,68.9085366588,57.1386092669,28.2886320614
