Random seed,5,6,7,8,9,10
2,89.2540863458,83.1658544356,73.8635804483,76.1805938861,80.8052301121,70.5481924167
