Random seed,5,6,7,8,9,10
66,79.9620470065,81.0276355301,89.0736775985,89.3199355981,84.3643163052,72.1859650967
