Random seed,5,6,7,8,9,10
66,76.7039678554,74.8488819747,83.5193975615,77.0304239112,78.1246682414,63.7334806175
