Random seed,5,6,7,8,9,10
26,54.4238086953,59.8355124862,60.583503603,52.3090574614,54.4866443223,56.3465949781
