Random seed,5,6,7,8,9,10
7,90.9323798259,87.8967411943,89.1099916094,81.6524791758,84.9124826523,83.2085019268
