Random seed,5,6,7,8,9,10
73,46.6154332947,52.511224366,44.749769898,55.6499561579,48.0575110564,40.7399200066
