Random seed,5,6,7,8,9,10
75,82.0920715272,70.449513247,76.3247390796,84.8465047888,83.679412516,80.7776451468
