Random seed,5,6,7,8,9,10
87,80.9180080044,56.0794961493,80.2105817779,67.5550153859,76.7138569543,45.685437159
