Random seed,5,6,7,8,9,10
73,42.1558356683,47.8001497424,43.9771370545,48.2551694892,49.0474230454,35.169432593
