Random seed,5,6,7,8,9,10
47,79.3112887102,58.3737505377,80.5180218802,78.8166347878,80.7291085491,53.8061838544
