Random seed,5,6,7,8,9,10
23,35.2051053894,49.2987216052,51.4430996641,47.7875444037,42.2683270814,29.8414712733
