Random seed,5,6,7,8,9,10
60,39.8316040979,56.9613430976,82.6323692881,76.7721981305,62.7391616836,22.1153267245
