Random seed,5,6,7,8,9,10
83,68.1962862512,38.3460686358,58.3589543811,58.6367329356,60.0590383334,54.4844758138
