Random seed,5,6,7,8,9,10
1,49.3477947385,73.3001239337,58.2177875116,70.7885991448,65.9208974083,52.1179107614
