Random seed,5,6,7,8,9,10
3,49.5593498974,48.7582749129,64.8301724274,63.1431100051,64.5141138105,31.3287752148
