Random seed,5,6,7,8,9,10
42,72.950212108,74.8869287,84.9970320867,76.7942925844,74.9191674595,55.8522555104
