Random seed,5,6,7,8,9,10
34,47.8012968123,78.9036100821,86.7064355905,93.9494094488,89.8352215105,63.6914110186
