Random seed,5,6,7,8,9,10
45,78.5737342831,61.8673797888,78.0100284878,80.0512823466,85.747779792,69.0780935671
