Random seed,5,6,7,8,9,10
16,53.8920123964,57.67762036,82.4701315316,85.3520341151,71.6447128911,13.568908709
