Random seed,5,6,7,8,9,10
73,44.3736673519,51.2727658976,46.541409725,61.2916301533,59.9192900241,49.3154902534
