Random seed,5,6,7,8,9,10
35,58.0612260012,70.0307434238,73.7538848444,75.5579584287,72.5127902827,78.1825719068
