Random seed,5,6,7,8,9,10
53,61.3248848604,88.4698216121,86.9559935139,89.053373961,91.1402921752,63.0465837011
