Random seed,5,6,7,8,9,10
6,49.4447917178,68.3505853456,76.8915071483,76.3888110485,58.7480885296,30.1603558988
