Random seed,5,6,7,8,9,10
35,49.500856336,62.1924846493,69.6309260567,68.0498718705,63.3101515597,51.3131473735
