Random seed,5,6,7,8,9,10
87,63.824418867,48.4281199753,79.2311003785,86.0720080473,82.1821759183,58.4595666571
