Random seed,5,6,7,8,9,10
85,60.0211021359,76.6940113194,77.8307230426,93.2959234334,91.4094182458,73.6216212949
