Random seed,5,6,7,8,9,10
9,52.5098169794,61.0233655307,56.7520412358,51.6729910054,61.2077066186,43.2829413529
