Random seed,5,6,7,8,9,10
55,30.6001968834,46.8946384694,55.4634852819,48.2568315118,39.5883345466,40.8067210705
