Random seed,5,6,7,8,9,10
71,59.7821100038,49.7792908288,78.6863453365,76.1556095172,56.2551510855,32.5532703711
