Random seed,5,6,7,8,9,10
85,67.5948713542,79.8928042578,75.354839844,93.0891764762,90.8829730138,72.9660967447
