Random seed,5,6,7,8,9,10
19,77.9392313549,71.9622034151,75.6958233647,72.0584253274,88.2871732071,81.5148589858
