Random seed,5,6,7,8,9,10
26,53.8871280209,64.2971033648,97.6271545484,94.5296501087,88.9936958514,63.5853640302
