Random seed,5,6,7,8,9,10
60,38.0271677483,57.9630439872,80.8417386533,79.407960166,67.7634583573,16.7470787789
