Random seed,5,6,7,8,9,10
21,76.7875124088,84.5067035131,82.6388377069,82.0561237782,78.9907938965,57.056009564
