Random seed,5,6,7,8,9,10
17,82.7439391593,61.0362326457,93.7826342599,89.4848476034,89.305995438,72.05325603
