Random seed,5,6,7,8,9,10
89,67.8686604156,72.7686818061,81.5823138935,83.8832912889,87.8628829337,80.2236039032
