Random seed,5,6,7,8,9,10
27,68.9505825568,76.4259827124,77.4012649165,82.6027009638,80.2006938547,59.6768366087
