Random seed,5,6,7,8,9,10
15,68.6090642937,92.5706525422,83.2579816115,81.8749444861,85.0008462829,51.5899502799
