Random seed,5,6,7,8,9,10
49,77.7413767306,86.2829569501,77.5630715994,83.5295762635,79.5868632152,67.3055385451
