Random seed,5,6,7,8,9,10
49,70.8545349497,85.7387074024,64.4667328823,80.0719806823,87.3698139342,80.4720543083
