Random seed,5,6,7,8,9,10
21,76.636939563,87.2746697177,86.3911021832,86.2809597789,80.8005256503,70.212027818
