Random seed,5,6,7,8,9,10
4,83.333933849,89.2152042369,82.4252678354,91.4214941059,90.4464043322,71.4513474853
