Random seed,5,6,7,8,9,10
64,64.0918084245,80.215802894,76.8959486855,81.8348725343,71.9902189049,74.4360318652
