Random seed,5,6,7,8,9,10
7,73.9819276698,88.5313976094,89.0088223233,89.3916969198,82.7076488899,74.8290840717
