Random seed,5,6,7,8,9,10
16,47.7180848981,74.8659042898,77.2425995996,87.593563869,80.2183652179,22.6188807784
