Random seed,5,6,7,8,9,10
8,62.6048467484,90.5453333966,88.4703366342,87.8784290681,79.8951330069,54.7327475564
