Random seed,5,6,7,8,9,10
99,58.2942235355,54.5614696415,58.9868991956,57.5873423033,61.5863940238,27.978271053
