Random seed,5,6,7,8,9,10
83,80.9023698291,85.5767465381,91.7154872411,90.2231584358,88.4928167988,71.0917955709
