Random seed,5,6,7,8,9,10
88,49.2965163276,54.521668013,54.9177192957,61.3456114538,51.5292423744,42.8878330676
