Random seed,5,6,7,8,9,10
95,77.0362160284,67.9293091923,79.8200278291,85.7578242258,78.7572141967,79.400833889
