Random seed,5,6,7,8,9,10
78,63.99488187,57.3292790666,88.7385246133,86.133465191,81.134169713,58.3802032284
