Random seed,5,6,7,8,9,10
57,68.5577844936,74.4432976831,82.2236594379,79.772792085,83.0497216504,67.1448229857
