Random seed,5,6,7,8,9,10
89,75.4778412264,82.4128984454,85.3353959078,84.3054283112,90.7423372027,88.082497304
