Random seed,5,6,7,8,9,10
18,75.4442124579,79.2134386861,81.5813009358,79.7885846653,85.3743358577,75.0962241972
