Random seed,5,6,7,8,9,10
25,44.5608805355,83.219199702,64.7955485905,81.8713359742,82.6084728393,63.0730202478
