Random seed,5,6,7,8,9,10
71,43.1540544852,42.3360427032,63.3770181264,39.8884542134,43.2591415233,31.5314841491
