Random seed,5,6,7,8,9,10
93,62.8407604169,55.8178707136,78.2018699829,82.438991234,81.08573335,62.7281269658
