Random seed,5,6,7,8,9,10
10,44.8734952432,44.3718031037,59.0611649577,71.7643378323,69.1475562988,63.3516450124
