Random seed,5,6,7,8,9,10
69,70.1336560276,76.9430033946,93.7436197581,92.8505923337,76.3868843757,33.6639734262
