Random seed,5,6,7,8,9,10
17,88.6411012271,68.3152686392,95.6123246276,89.4472190289,76.9106407773,60.8733146643
