Random seed,5,6,7,8,9,10
98,41.7764568465,73.4321299714,73.3888277129,43.3600332303,46.3244905969,35.2746625171
