Random seed,5,6,7,8,9,10
28,61.5829873636,46.2413395965,62.412167291,75.5174421655,74.527638817,62.9811198458
