Random seed,5,6,7,8,9,10
51,54.9593889767,63.0597887582,60.7926209948,65.0951779447,50.9952455617,44.7297443473
