Random seed,5,6,7,8,9,10
41,59.3246073924,34.3805969538,59.6753748399,58.8962556766,61.3500765531,64.9483088253
