Random seed,5,6,7,8,9,10
53,57.8658866049,80.3468721924,79.7258342497,74.5722454659,86.6447096176,55.2091788923
