Random seed,5,6,7,8,9,10
69,57.8386953583,54.4005844496,73.6745768611,69.4578234893,69.6478685291,55.4794460582
