Random seed,5,6,7,8,9,10
58,40.6255089623,74.4886202225,68.1531064406,68.1686731444,70.8815245718,46.8092404133
