Random seed,5,6,7,8,9,10
9,65.2861402708,71.5146047622,76.9997372465,73.79420616,86.9461365734,77.4276215758
