Random seed,5,6,7,8,9,10
30,80.2143271102,69.2560266743,81.3215025446,83.0893376708,82.3450497242,80.8322596901
