Random seed,5,6,7,8,9,10
43,74.6975313626,74.0444840569,84.4947127488,80.7874421056,84.0108516501,81.6396777269
