Random seed,5,6,7,8,9,10
37,67.0102915541,74.9305851147,84.6997237931,86.844951116,78.7070055709,49.7903330767
