Random seed,5,6,7,8,9,10
31,43.6264633699,61.4663195652,63.1119291637,65.7684875971,51.5082190393,40.0810182767
