Random seed,5,6,7,8,9,10
1,54.2885192847,70.1050964025,68.3559904631,68.6314704503,65.1729972594,47.4877390455
