Random seed,5,6,7,8,9,10
57,78.650541733,80.8908054842,87.3355863036,83.6661056577,91.0926185021,81.581064065
