Random seed,5,6,7,8,9,10
99,55.2514626516,60.975415039,63.8708448287,74.0103965172,72.942038709,60.370862232
