Random seed,5,6,7,8,9,10
89,86.7145792336,82.6294208821,80.9220906343,83.0544482404,79.2057461721,85.2794113388
