Random seed,5,6,7,8,9,10
97,71.0379055132,88.4923401999,82.6566293405,76.8062498132,78.2210584208,63.0057806062
