Random seed,5,6,7,8,9,10
95,65.8871106451,70.6286438355,73.9216392169,76.0558895193,70.8180300144,73.9207199738
