Random seed,5,6,7,8,9,10
7,80.3611489458,83.1291015917,84.2979110409,77.1136199744,81.0247995624,85.6282895594
