Random seed,5,6,7,8,9,10
0,56.0199939365,71.7989368395,65.5833762754,73.1509695778,57.0288900046,59.0665711887
