Random seed,5,6,7,8,9,10
36,87.4060644524,77.5791073504,85.2385712726,77.8949709882,66.3611485437,23.8691883738
