Random seed,5,6,7,8,9,10
20,72.331608613,90.9293033621,81.7091560077,82.7432046928,71.0867588461,51.7766267189
