Random seed,5,6,7,8,9,10
8,58.6003620445,80.10770634,89.0195147779,80.0254430143,82.4364009051,71.2243243109
