Random seed,5,6,7,8,9,10
62,76.3638064782,71.8355772182,84.3281496943,83.9848180183,67.7389491515,25.5518368778
