Random seed,5,6,7,8,9,10
93,85.6033690926,54.4706536779,81.2887269975,78.8002125333,66.5848433362,35.1010849974
