Random seed,5,6,7,8,9,10
43,78.1361412,75.0278023887,71.509013246,70.7790053056,78.8759591669,68.7803292415
