Random seed,5,6,7,8,9,10
27,63.9305152842,69.4646882992,78.2259576446,75.5566998912,78.1651298075,51.2927416283
