Random seed,5,6,7,8,9,10
44,30.0329708117,64.0370070255,80.6503340012,71.2871865188,57.6094990623,18.4397796688
