Random seed,5,6,7,8,9,10
51,53.8505709299,55.2385820874,66.3190707674,59.235359873,44.4996528034,26.2819290664
