Random seed,5,6,7,8,9,10
6,46.0275920596,70.3021660186,78.3105240346,80.4658334364,76.1409955343,41.5795959652
