Random seed,5,6,7,8,9,10
1,42.0598385627,54.3852518426,48.382600338,58.2097687491,56.3890578236,40.0406849464
