Random seed,5,6,7,8,9,10
71,76.0795156148,39.2500296684,80.5186910369,69.9462430765,71.2442413503,57.6906547351
