Random seed,5,6,7,8,9,10
52,65.0903620432,76.67104074,73.4759407463,80.2376748327,72.3675014366,56.3104663859
