Random seed,5,6,7,8,9,10
44,69.2265716952,81.6545991716,75.9311455774,78.3916314112,74.8408614549,39.8618033561
