Random seed,5,6,7,8,9,10
50,59.9343642527,81.9911711251,80.3445550932,87.8880534587,82.0019529386,69.0887131096
