Random seed,5,6,7,8,9,10
0,63.1050288387,90.26480695,74.3154120291,78.0842959891,62.9614193566,49.2982811568
