Random seed,5,6,7,8,9,10
98,75.5549971418,78.4957225186,73.3239536749,67.2914824056,73.6282862044,64.3946202573
