Random seed,5,6,7,8,9,10
4,74.9570523408,68.996004188,70.1444656141,84.1857508942,82.0206235256,72.6326323152
