Random seed,5,6,7,8,9,10
21,77.1001417339,79.6674015245,83.3354745973,79.5703931452,82.7742089672,58.7712737818
