Random seed,5,6,7,8,9,10
84,61.7797103523,83.3220912021,68.3117406925,72.8908375359,81.4296029958,60.6812065353
