Random seed,5,6,7,8,9,10
32,58.5064182485,65.8758741465,55.7198956379,64.5555376076,66.4345419772,50.2388811095
