Random seed,5,6,7,8,9,10
14,69.2830410229,68.6339001743,88.5433153305,76.5494157298,78.4254887654,66.2710494516
