Random seed,5,6,7,8,9,10
72,50.8928374773,50.7240532631,60.5913142085,58.7190821053,59.2591049306,49.1963454369
