Random seed,5,6,7,8,9,10
97,81.4784578993,77.4264867284,78.7113966468,78.6668355688,77.6986926505,57.3785183341
