Random seed,5,6,7,8,9,10
26,47.6693190844,81.9091380756,86.8934402094,93.165200286,85.046015036,66.4612216695
