Random seed,5,6,7,8,9,10
85,61.5246894072,72.5826421526,68.7438901229,81.236028766,76.8254588234,62.0971078468
