Random seed,5,6,7,8,9,10
83,73.9888680916,69.659493998,79.7622494225,84.2817724998,83.2974986728,83.9204092888
