Random seed,5,6,7,8,9,10
93,79.4805569274,59.65374583,73.0475957999,69.0710509559,66.2783840759,32.4987273203
