Random seed,5,6,7,8,9,10
54,80.9248226942,60.7063307938,84.930507341,83.9427835966,84.5447917754,87.9209415708
