Random seed,5,6,7,8,9,10
52,69.351014659,71.6010016324,68.0290868948,78.4615021657,76.8287338365,62.6130866951
