Random seed,5,6,7,8,9,10
82,59.4975335592,57.5397023489,70.1030079665,72.0211444684,73.959513262,72.9644160363
