Random seed,5,6,7,8,9,10
81,63.1497436957,75.700612424,85.2889630332,90.5962468923,81.9890258029,61.0586984666
