Random seed,5,6,7,8,9,10
53,58.4185435721,82.6048583377,86.876325364,86.0918459872,83.4907386277,49.2307938639
