Random seed,5,6,7,8,9,10
99,58.7163060085,66.8145866175,73.7440917064,77.6751147882,63.051771844,56.2870251949
