Random seed,5,6,7,8,9,10
16,27.7535276907,60.8270496438,73.9191901298,76.8951502178,66.6825502228,13.5425444108
