Random seed,5,6,7,8,9,10
38,86.8833085216,81.5131427889,84.0786778307,89.585420536,88.7161689148,71.7048750568
