Random seed,5,6,7,8,9,10
90,63.8663130986,72.1758816244,85.0858876048,81.928923802,81.7041470595,86.8967989809
