Random seed,5,6,7,8,9,10
40,55.8098072892,45.2027151441,75.1852864846,50.885416964,64.7224582616,26.4597871964
