Random seed,5,6,7,8,9,10
45,80.1459981383,77.1972628231,88.3283383589,83.8722643191,74.9023085649,61.5710559237
