Random seed,5,6,7,8,9,10
3,50.3193357341,53.0436839179,76.2007945187,71.3845469039,71.9501207764,46.3927483832
