Random seed,5,6,7,8,9,10
34,50.0341997749,81.3432388972,79.4687201323,79.5702942018,80.4314655005,45.7255379922
