Random seed,5,6,7,8,9,10
29,57.5065082022,54.8140570861,70.7315076427,64.5340503358,72.1838096348,48.2106305589
