Random seed,5,6,7,8,9,10
62,83.2976520317,83.7298009013,86.2447419948,80.5896161773,84.7175408745,51.0034171883
