Random seed,5,6,7,8,9,10
91,67.5394263549,74.603737365,76.4350703128,85.4033819799,88.4875357749,62.9873867101
