Random seed,5,6,7,8,9,10
85,64.6509409682,71.6634134146,78.7029024245,75.4227178476,72.0190071188,58.487185868
