Random seed,5,6,7,8,9,10
34,57.7151004961,73.663939904,92.6026950321,92.0724896446,80.2853143374,61.6264644948
