Random seed,5,6,7,8,9,10
29,74.0583601287,75.1208884076,81.3838400781,75.4852771699,78.3863491863,70.0745854141
