Random seed,5,6,7,8,9,10
46,53.6860300752,36.2936631104,61.9765800043,59.3800383825,66.4670419486,54.77555678
