Random seed,5,6,7,8,9,10
37,58.3759934273,86.3664867122,93.1252336241,81.2790314703,78.0766098699,60.6092966019
