Random seed,5,6,7,8,9,10
21,77.1774548933,83.2983998054,86.0127502967,85.4177522404,91.4690066068,71.6847980526
