Random seed,5,6,7,8,9,10
25,56.8956300976,63.8636933507,75.2393336508,86.7487266131,77.3521378673,69.461651431
