Random seed,5,6,7,8,9,10
52,62.0180218906,75.7242315773,71.213810881,80.1016542461,79.7496145402,63.9789433161
