Random seed,5,6,7,8,9,10
35,68.7320810962,72.2352978545,73.3903319188,71.6780848672,70.2600074908,73.3619622817
