Random seed,5,6,7,8,9,10
4,88.4889614145,84.0689772009,79.2763093179,80.2525479021,79.63546182,72.7266466655
