Random seed,5,6,7,8,9,10
61,83.5923551488,53.8126629324,77.8379897551,77.4650622349,79.0290020307,42.825885652
