Random seed,5,6,7,8,9,10
10,53.9031337749,91.4404303089,83.146099553,86.5909973347,87.3356704069,68.2363229446
