Random seed,5,6,7,8,9,10
24,61.1651238811,78.7655821724,76.0550426822,81.4755726327,89.9294420516,69.6505997548
