Random seed,5,6,7,8,9,10
68,46.2485603502,72.1801707642,81.549610779,87.4048981685,86.5632859327,68.6633350818
