Random seed,5,6,7,8,9,10
68,76.2623755348,74.8774412147,78.9261640803,87.8142731259,90.5454127015,84.5181153296
