Random seed,5,6,7,8,9,10
32,71.7202512907,77.64150091,67.7772307329,75.3689474947,76.9281822523,52.7172613479
