Random seed,5,6,7,8,9,10
24,65.6335900289,75.3551050473,74.8853410569,80.7117321951,84.0536320842,80.5100846243
