Random seed,5,6,7,8,9,10
95,67.4236565477,38.1289050009,69.6546668686,57.3399115203,62.7801250107,63.6806415854
