Random seed,5,6,7,8,9,10
80,66.902550248,71.0795776836,76.2834496404,78.7818356194,71.7690692887,73.455890433
