Random seed,5,6,7,8,9,10
44,69.3781129477,80.8323685482,76.6431550595,77.1873405642,77.4439935265,45.5516399728
