Random seed,5,6,7,8,9,10
8,67.0414882211,86.6782863701,91.3188894299,91.7569903723,88.6973472026,78.8638484383
