Random seed,5,6,7,8,9,10
90,70.932303964,61.1139849278,69.5747002366,67.2429418951,70.3230162831,64.1677416449
