Random seed,5,6,7,8,9,10
43,82.2047768062,73.5753302902,70.1776774943,70.3503302755,79.7293748776,70.4899273047
