Random seed,5,6,7,8,9,10
94,60.1555196432,51.6984612424,70.5145052664,55.8588307252,56.2277531794,39.7417692804
