Random seed,5,6,7,8,9,10
82,71.7212981781,89.1923702183,82.0966991032,92.9633962443,91.7974537573,89.7053183056
