Random seed,5,6,7,8,9,10
27,65.0461554858,68.8126535338,66.8609079725,75.1271538924,72.8508828511,70.7336300582
