Random seed,5,6,7,8,9,10
17,88.3550625461,61.2282125885,89.9931850844,89.4201681574,83.383510304,63.1720908072
