Random seed,5,6,7,8,9,10
27,69.7141757686,82.0666672995,87.6202780144,86.1055431612,79.610800896,42.4943156145
