Random seed,5,6,7,8,9,10
54,82.780797442,68.1172101871,91.7581527786,91.1696799007,89.9527358935,79.7855404373
