Random seed,5,6,7,8,9,10
25,57.9963139559,67.4218126804,72.0237297073,85.0624935399,74.419421669,67.2991829806
