Random seed,5,6,7,8,9,10
72,61.0730894722,67.2178480668,70.9969357536,68.1126593318,61.2361264616,51.9070256542
