Random seed,5,6,7,8,9,10
93,80.1166058278,50.3447779742,85.4505919185,80.0906255197,81.2493085546,72.3602948303
