Random seed,5,6,7,8,9,10
5,53.0027390745,63.3462914265,71.933054877,53.6448052592,58.8726944523,44.6346366202
