Random seed,5,6,7,8,9,10
64,54.2862036142,64.165187557,57.1941534701,56.6728853268,60.7710332438,37.3969090994
