Random seed,5,6,7,8,9,10
8,53.0065965868,71.2139559566,73.8433309728,73.9549339299,70.8794077962,49.7377944093
