Random seed,5,6,7,8,9,10
20,55.8608134892,58.3957796719,67.7404429427,53.7026513501,62.5812686108,33.2761965084
