Random seed,5,6,7,8,9,10
60,40.1014748916,38.6568806919,84.0171914779,77.623347499,57.9266150749,29.1364505538
