Random seed,5,6,7,8,9,10
64,58.1962513627,65.7474024574,67.9366678732,63.5307459466,62.3492728623,57.1724360251
