Random seed,5,6,7,8,9,10
64,55.843452742,68.9323744784,62.4275756627,70.7279635244,65.4104873985,66.4279709945
