Random seed,5,6,7,8,9,10
17,81.773705228,52.6632513996,88.5210984301,87.035445548,90.2550199511,69.8600280745
