Random seed,5,6,7,8,9,10
82,67.720245537,84.6121504483,82.361180967,87.3855946185,89.9041601941,88.0621483362
