Random seed,5,6,7,8,9,10
89,78.071325548,82.2964649215,78.987720446,79.4448827582,78.5804193059,75.8833864754
