Random seed,5,6,7,8,9,10
52,65.8806311896,82.7767162364,85.348844713,84.5409628368,80.6337966067,65.9159715565
